city,year,income,expend,gdp,deposit,gap,gap_to_gdp,income_growth,expend_growth,region_group,is_tier1
上海,2006,1576.0742,1795.566,10825.4,8730.0,219.4918,0.020275629537938555,,,长三角,True
上海,2007,2074.4792,2181.678,13179.8,8745.22,107.19879999999966,0.008133568035933753,31.623193882623045,21.503637293198906,长三角,True
上海,2008,2358.7464,2593.9161,14877.1,11464.15,235.16969999999992,0.015807496084586373,13.70306340020182,18.895460283323207,长三角,True
上海,2009,2540.2975,2989.65,16181.4,13707.32,449.35249999999996,0.027769692362836343,7.696931726106726,15.256233615266135,长三角,True
上海,2010,2873.584,3302.8862,18319.6,15650.2391213502,429.3022000000001,0.023434037861088677,13.119979057571008,10.477353536367119,长三角,True
上海,2011,3429.83,3914.88,20406.1,17288.4547267085,485.0500000000002,0.023769853132151672,19.35722080857911,18.52906103758587,长三角,True
上海,2012,3743.7053,4184.017,21774.9,19506.7,440.31169999999975,0.020221066457251226,9.151336946729138,6.874719020761799,长三角,True
上海,2013,4109.5086,4528.6079,23809.4,20486.2536071674,419.09929999999986,0.017602262131763077,9.771156399516801,8.23588670887332,长三角,True
上海,2014,4585.5534,4923.4372,25964.5,21269.3,337.8838000000005,0.013013298927381638,11.583983544893893,8.71855785969018,长三角,True
上海,2015,5519.5,6191.5601,27821.6,23384.7295,672.0600999999997,0.02415605500761997,20.36715132354583,25.756861486930305,长三角,True
上海,2016,6406.13,6918.94,30963.9,23639.8015,512.8099999999995,0.01656154424991682,16.06359271673159,11.747926019485778,长三角,True
上海,2017,6642.2638,7547.6208,34378.3,24338.48,905.357,0.026335130009337283,3.686060070588626,9.086374502452689,长三角,True
上海,2018,7108.148,8351.5376,37769.1,27071.74,1243.3895999999995,0.03292081622278528,7.013937025506278,10.65126112324033,长三角,True
上海,2019,7165.0984,8179.284,40241.2,31727.73,1014.1855999999998,0.025202667912487695,0.8011988495456146,-2.0625375619454767,长三角,True
上海,2020,7046.2987,8102.112,41603.9,36733.9728,1055.8132999999998,0.025377748239948653,-1.658033056461572,-0.9435055684580695,长三角,True
上海,2021,7771.8002,8430.8562,47059.4,41150.4,659.0560000000005,0.014004768441586601,10.296207000137514,4.057512411578612,长三角,True
上海,2022,7608.0,9393.0,48594.5,52638.0,1785.0,0.03673255203778206,-2.1076223755726486,11.412171874073707,长三角,True
上海,2023,8312.5,9638.51,51404.5,58319.9286,1326.0100000000002,0.02579560155239328,9.259989484752884,2.6137549238794966,长三角,True
上海,2024,8374.1665,9874.8381,53759.5,63910.9863,1500.6716000000015,0.027914537895627776,0.741852631578932,2.451915285661377,长三角,True
乌鲁木齐,2006,57.0356,49.5342,654.3019,678.16,-7.501400000000004,-0.011464738219467197,,,其他,False
乌鲁木齐,2007,73.4279,68.3153,820.28,679.53,-5.1126000000000005,-0.006232749792753694,28.740470863811353,37.915420053215755,其他,False
乌鲁木齐,2008,100.98,99.35,1020.3488,872.22,-1.6300000000000097,-0.0015974929357490397,37.522658281116605,45.42862287071856,其他,False
乌鲁木齐,2009,113.538,133.8811,1095.0,1040.707,20.343100000000007,0.01857817351598174,12.436125965537714,34.7570206341218,其他,False
乌鲁木齐,2010,147.9938,159.6108,1338.5,1242.8526,11.617000000000019,0.008679118416137482,30.347372685796813,19.21832133139032,其他,False
乌鲁木齐,2011,229.5887,238.4851,1690.0347,1470.3412,8.8964,0.005264033927824085,55.133998856708864,49.41664348527792,其他,False
乌鲁木齐,2012,252.0052,295.6004,2004.1,1715.9659,43.59519999999998,0.02175300633700912,9.763764505831517,23.949211082788825,其他,False
乌鲁木齐,2013,301.9047,353.2024,2202.8545,1896.3048,51.29770000000002,0.023286921582882585,19.800980297231963,19.486441831607813,其他,False
乌鲁木齐,2014,340.6243,404.8053,2461.4698,1974.84,64.18099999999998,0.02607425855884967,12.82510673070012,14.610008312514289,其他,False
乌鲁木齐,2015,368.6663,446.6619,2631.6398,2157.3093,77.99560000000002,0.02963764265915116,8.23253067969607,10.339933790392575,其他,False
乌鲁木齐,2016,369.6734,417.5628,2458.9766,2295.6888,47.889399999999966,0.01947533782956697,0.27317387024528017,-6.514793404138574,其他,False
乌鲁木齐,2017,400.7781,458.5812,2743.8202,2600.3858,57.80310000000003,0.021066650066939526,8.414102826981873,9.823288856191216,其他,False
乌鲁木齐,2018,458.2753,659.7858,3099.7659,2871.1134,201.51049999999998,0.0650082962716636,14.34639267963993,43.875457607071546,其他,False
乌鲁木齐,2019,472.4647,620.2786,3413.0,3171.7101,147.8139,0.043309082918253736,3.0962611338642976,-5.9878827340630885,其他,False
乌鲁木齐,2020,392.6378,536.8738,3337.0,3680.2754,144.23599999999993,0.04322325442013783,-16.895844282123086,-13.446344916622955,其他,False
乌鲁木齐,2021,377.926,419.5874,3691.57,4027.8586,41.661400000000015,0.011285550592295423,-3.7469138223574117,-21.8461768855176,其他,False
乌鲁木齐,2022,314.8203,455.7678,3893.22,4647.5182,140.94750000000005,0.03620332269946216,-16.697898530400135,8.622851877820924,其他,False
乌鲁木齐,2023,369.7888,504.0517,4168.0,5305.9981,134.2629,0.03221278790786948,17.46027813327158,10.593969121995883,其他,False
乌鲁木齐,2024,371.3048,465.5229,4502.16,5905.76,94.21809999999999,0.020927310446541215,0.40996374146540226,-7.643819076495529,其他,False
兰州,2006,33.1417,63.1321,638.4705,687.7518,29.9904,0.04697225635326926,,,其他,False
兰州,2007,46.6256,83.2982,732.7581,649.6569,36.672599999999996,0.05004734850423352,40.68560152315661,31.942704266134015,其他,False
兰州,2008,50.8618,99.6601,846.2811,823.83,48.7983,0.05766204633424993,9.08556672729146,19.642561303845717,其他,False
兰州,2009,57.0385,119.8342,926.0,1089.9721,62.7957,0.06781393088552916,12.144084558548851,20.242905636257635,其他,False
兰州,2010,72.7579,146.9264,1100.4,1295.9451,74.1685,0.06740139949109414,27.559280135347187,22.60807015025761,其他,False
兰州,2011,86.4897,175.4806,1360.0299,1480.1626,88.99090000000001,0.06543304672934029,18.87327699122705,19.434356249115204,其他,False
兰州,2012,103.7303,202.5976,1563.8,1743.1811,98.8673,0.0632224709042077,19.933703088344636,15.452990245075515,其他,False
兰州,2013,124.4956,242.3426,1776.2823,2021.5573,117.84700000000001,0.0663447471159286,20.018548100217572,19.617705244287208,其他,False
兰州,2014,152.3299,280.1041,2000.9389,2262.9407,127.77420000000001,0.06385712227394849,22.35765762002835,15.581866333034311,其他,False
兰州,2015,185.1917,344.0019,2095.992,2608.5399,158.81019999999998,0.07576851438364267,21.572783806724736,22.812161621340053,其他,False
兰州,2016,215.4794,424.1597,2264.2318,2796.2448,208.6803,0.0921638411756252,16.35478263874677,23.30155734604955,其他,False
兰州,2017,234.2001,429.3614,2523.5441,2949.2658,195.1613,0.077336195551328,8.687930261547038,1.2263541302957481,其他,False
兰州,2018,253.3169,465.6417,2732.9373,3244.0812,212.3248,0.07769106155490652,8.16259258642502,8.44982804695531,其他,False
兰州,2019,233.2261,456.6617,2837.0,3571.176,223.4356,0.0787577017976736,-7.931093424876112,-1.9285214361170921,其他,False
兰州,2020,247.131,486.2409,2887.0,3859.627,239.1099,0.08282296501558711,5.961982814101852,6.47726752648623,其他,False
兰州,2021,276.7279,484.589,3231.29,4082.9699,207.86110000000002,0.06432759052886,11.976198858095488,-0.3397287229437107,其他,False
兰州,2022,220.9765,498.7969,3343.5,4569.2581,277.8204,0.08309268730372364,-20.14664947047262,2.931948517197047,其他,False
兰州,2023,255.3279,502.9172,3487.0,5130.1717,247.58929999999998,0.07100352738743905,15.54527291363561,0.8260476358213031,其他,False
兰州,2024,251.9062,547.6361,3742.25,5639.5427,295.72990000000004,0.07902462422339503,-1.3401199007237352,8.891901092267297,其他,False
北京,2006,1117.1514,1296.8389,8618.9,8705.6,179.6875,0.020848078061005467,,,其他,True
北京,2007,1492.638,1649.5023,10730.4,9155.34,156.86430000000018,0.014618681503019476,33.61107545494728,27.194079387964077,其他,True
北京,2008,1837.3238,1959.2857,12167.6,11952.84,121.96190000000001,0.01002349682764062,23.092390787317484,18.78041637165342,其他,True
北京,2009,2026.8089,2319.3658,13335.7,14672.1,292.55690000000004,0.02193787352744888,10.313103221108877,18.378131377164664,其他,True
北京,2010,2353.9301,2717.3174,15420.2,17003.1121859824,363.38729999999987,0.023565667111970005,16.13971598407724,17.15777649217729,其他,True
北京,2011,3006.28,3245.23,17653.3,19126.1369907331,238.94999999999982,0.01353571286954846,27.71322309018438,19.427712051599123,其他,True
北京,2012,3314.934,3685.3076,19568.3,21644.9,370.3735999999999,0.018927224132908833,10.266974466782862,13.560752242522112,其他,True
北京,2013,3661.1097,4173.6563,21746.0,23086.4149916846,512.5465999999997,0.023569695576197907,10.442913795568764,13.251233085672398,其他,True
北京,2014,4027.1609,4524.669,23577.5,24158.4,497.5081,0.021100969144311314,9.998367434879096,8.41019659429072,其他,True
北京,2015,4723.86,5737.7011,26034.1,23913.967,1013.8411000000006,0.03894281346388009,17.300006562936176,26.809300304618965,其他,True
北京,2016,5081.26,6406.77,28438.7,28012.0329,1325.5100000000002,0.04660937384620254,7.565846574623314,11.660922873796963,其他,True
北京,2017,5430.7875,6824.5284,31325.9,28962.2,1393.7408999999998,0.04449164748658457,6.878756450171819,6.520577451664411,其他,True
北京,2018,5785.9176,7471.4332,35161.4,34018.9631,1685.5156000000006,0.04793653267503571,6.539200806512846,9.479113604392065,其他,True
北京,2019,5817.0994,7408.1876,37767.0,37309.675,1591.0882000000001,0.04212905976116716,0.5389257531078551,-0.8464989019777436,其他,True
北京,2020,5483.8866,7116.1764,38503.6,42888.765,1632.2898000000005,0.04239317362532336,-5.728160670591265,-3.941736032710619,其他,True
北京,2021,5932.308,7205.1201,44350.7,47184.3121,1272.8121,0.028698805204878393,8.17707280817952,1.2498804835697985,其他,True
北京,2022,5714.3583,7469.1547,45222.4,56915.7573,1754.7964000000002,0.03880369905179734,-3.6739444411854616,3.66454127530782,其他,True
北京,2023,6181.1,7971.25,47353.7,64020.3563,1790.1499999999996,0.03780380413779704,8.167875997555152,6.722250645042882,其他,True
北京,2024,6372.6778,8396.486,49670.2,70398.146,2023.8082000000004,0.04074491747566952,3.099412725890205,5.334621295279929,其他,True
南京,2006,246.4392,262.4614,2773.78,1834.88,16.022200000000026,0.005776305258528082,,,长三角,False
南京,2007,330.1883,342.9386,3283.73,1951.1599,12.750299999999982,0.003882871003401614,33.983676298251254,30.66248979849988,长三角,False
南京,2008,386.56,404.6656,3775.0,2505.3308,18.10559999999998,0.004796185430463572,17.072591609090914,17.999431968288192,长三角,False
南京,2009,434.508,461.2662,4230.0,3056.3486,26.758200000000045,0.00632581560283689,12.403766556291384,13.987005567065758,长三角,False
南京,2010,518.8008,542.1812,5130.7,3511.85,23.38040000000001,0.004556961038454794,19.39959678532961,17.541931318618186,长三角,False
南京,2011,635.0018,666.2056,6145.52,3910.2037,31.2038,0.005077487340371522,22.39799938627698,22.87508309030266,长三角,False
南京,2012,733.0168,769.6569,7201.6,4465.37,36.64009999999996,0.005087772161741829,15.435389317006653,15.528434465276186,长三角,False
南京,2013,831.3076,850.9085,8011.78,4883.29,19.600900000000024,0.0024465100140043817,13.409078755084458,10.556859816367536,长三角,False
南京,2014,903.489,921.2047,8820.75,5055.7718,17.71569999999997,0.002008411983108009,8.68287502724623,8.261311292577279,长三角,False
南京,2015,1020.03,1045.57,9720.77,5535.5266,25.539999999999964,0.0026273638816678062,12.89899489645141,13.500289349370442,长三角,False
南京,2016,1142.6,1173.84,10503.02,5894.468,31.24000000000001,0.0029743826061456617,12.016313245688837,12.267949539485645,长三角,False
南京,2017,1271.9111,1354.0873,11715.1,6019.7012,82.17619999999988,0.007014553866377571,11.317267635217942,15.355355073945343,长三角,False
南京,2018,1470.0152,1532.7156,12820.4,6914.8437,62.700399999999945,0.00489067423793329,15.575310255567398,13.191786083511747,长三角,False
南京,2019,1580.03,1658.07,14031.0,8299.64,78.03999999999996,0.0055619699237402865,7.483922615221927,8.178581858239053,长三角,False
南京,2020,1637.7,1754.619,14818.0,9499.2456,116.91899999999987,0.007890336077743277,3.6499306975184,5.822974904557698,长三角,False
南京,2021,1729.518,1817.728,16356.0,10636.7754,88.21000000000004,0.005393127904133042,5.606521340904935,3.5967352456573343,长三角,False
南京,2022,1558.2064,1828.6941,16907.85,13078.0479,270.4876999999999,0.01599775843764878,-9.905164329021154,0.6032860802056117,长三角,False
南京,2023,1619.9827,1838.6959,17421.0,15228.9498,218.71319999999992,0.012554572068193555,3.96457747831096,0.5469367457356489,长三角,False
南京,2024,1596.0247,1705.2595,18500.81,17091.8481,109.23479999999995,0.005904325270082766,-1.4789046821302554,-7.25712174590698,长三角,False
南宁,2006,56.6221,93.0781,870.1481,681.4522,36.456,0.04189631627075897,,,其他,False
南宁,2007,70.151,118.0007,1069.0099,714.7919,47.8497,0.044760764142595874,23.893320805833753,26.776008534768092,其他,False
南宁,2008,191.1682,166.083,1316.2137,88.6542,-25.085200000000015,-0.01905860727631084,172.50958646348593,40.747470142126275,其他,False
南宁,2009,120.4628,203.5519,1525.0,1116.1975,83.08909999999999,0.05448465573770491,-36.98596314659029,22.560346332857662,其他,False
南宁,2010,156.0958,261.2785,1800.3,1375.8853,105.18270000000001,0.05842509581736378,29.580086134474715,28.3596468517366,其他,False
南宁,2011,186.2924,302.3075,2211.4,1581.0297,116.01510000000002,0.05246228633444877,19.344915109823567,15.703167309977673,其他,False
南宁,2012,229.7183,376.5096,2503.2,1863.8024,146.79129999999998,0.05864145893256631,23.31061277862114,24.545239532595108,其他,False
南宁,2013,256.2469,418.3976,2803.5444,2321.1576,162.15070000000003,0.057837749956804685,11.548318092202493,11.125347135903052,其他,False
南宁,2014,274.8517,465.7759,3148.2973,2529.8556,190.92419999999998,0.060643637435384506,7.260497590409876,11.323750423042567,其他,False
南宁,2015,297.0501,526.7231,3410.0859,2700.3678,229.67300000000006,0.06735108930833679,8.076500891207882,13.085090920333165,其他,False
南宁,2016,312.7921,586.9793,3703.33,2924.5457,274.18719999999996,0.07403801443565655,5.29944275393277,11.439824833959221,其他,False
南宁,2017,332.15,646.3707,4118.8292,3176.6881,314.2207000000001,0.07628883955663908,6.188743257901974,10.118142155949972,其他,False
南宁,2018,358.956,697.9853,4026.9053,3542.8272,339.02930000000003,0.08419102877835245,8.07045009784737,7.9852938878572255,其他,False
南宁,2019,370.9283,789.1986,4507.0,3960.3083,418.2703000000001,0.09280459285555803,3.335311291634624,13.068083239002304,其他,False
南宁,2020,372.2519,819.8554,4726.0,4415.3458,447.60350000000005,0.09471085484553535,0.356834460999611,3.8845481986409913,其他,False
南宁,2021,392.0,778.0,5120.94,4878.7971,386.0,0.0753767862931415,5.305036723788392,-5.105217334666579,其他,False
南宁,2022,392.6795,838.9332,5218.35,5521.8223,446.25370000000004,0.08551624555654565,0.17334183673469727,7.8320308483290635,其他,False
南宁,2023,400.8778,816.4829,5469.0,6117.1299,415.6051,0.07599288718230024,2.0877840579913043,-2.6760533496588357,其他,False
南宁,2024,381.1575,796.9934,5995.36,6713.2205,415.8358999999999,0.06935962144058071,-4.919279640828189,-2.3870065129349305,其他,False
南昌,2006,68.1075,93.3749,1183.8973,733.8474,25.267399999999995,0.021342560710291336,,,其他,False
南昌,2007,87.2199,116.8596,1389.892,744.5682,29.639700000000005,0.02132518210047975,28.062107697390147,25.15097740399188,其他,False
南昌,2008,102.1477,148.17,1660.0847,955.4016,46.02229999999999,0.027722862574421647,17.115130835967495,26.793177453970387,其他,False
南昌,2009,115.8798,181.7495,1838.0,1181.8238,65.86970000000001,0.03583770402611535,13.443376600745793,22.662819734089233,其他,False
南昌,2010,146.465,232.0305,2200.1,1417.5807,85.56549999999999,0.03889164128903231,26.39390126665735,27.66500045392146,其他,False
南昌,2011,187.0259,299.3677,2688.8724,1603.9632,112.3418,0.0417802644707127,27.693237292185845,29.020839932681277,其他,False
南昌,2012,240.0205,345.5062,3000.5,1853.5679,105.48569999999998,0.03515604065989001,28.335433755431726,15.411983323518186,其他,False
南昌,2013,291.9097,419.3652,3336.0265,2051.1635,127.45550000000003,0.038205781638725005,21.618653406688182,21.377040412009983,其他,False
南昌,2014,342.2065,473.1561,3667.9635,2149.3277,130.94959999999998,0.03570090051332299,17.230259905717425,12.826743849990407,其他,False
南昌,2015,389.3412,543.1789,4000.014,2491.3925,153.83769999999998,0.03845929039248362,13.773759411349573,14.799090617240275,其他,False
南昌,2016,402.1831,583.2565,4354.9927,2722.4199,181.07339999999994,0.04157834753661009,3.2983665741000534,7.3783425681667625,其他,False
南昌,2017,417.0774,653.1223,5003.1896,2869.8392,236.04489999999998,0.0471788836465442,3.7033629707464044,11.978572034773727,其他,False
南昌,2018,461.7462,752.4137,5274.6716,3132.045,290.66749999999996,0.055106274293929496,10.709954555197655,15.202573851788536,其他,False
南昌,2019,476.9998,834.1066,5596.0,3618.0632,357.10679999999996,0.0638146533238027,3.3034597794199483,10.857444514899184,其他,False
南昌,2020,483.8581,838.1744,5746.0,4278.6505,354.3163,0.0616631221719457,1.4377993449892434,0.48768346875567303,其他,False
南昌,2021,484.8319,870.0084,6650.53,4737.9847,385.17650000000003,0.057916662281051294,0.2012573521038563,3.798016260100523,其他,False
南昌,2022,457.678,939.0409,7203.5,5750.3712,481.36289999999997,0.0668234746997987,-5.600683453378386,7.934693504108692,其他,False
南昌,2023,500.1818,925.5526,7213.0,6641.7365,425.3708,0.05897279911271315,9.286834848954939,-1.4363911092690418,其他,False
南昌,2024,526.2059,940.0703,7800.37,7516.1403,413.86439999999993,0.05305702165410101,5.202928215300928,1.5685440244022963,其他,False
厦门,2006,136.1653,159.1253,1168.0229,680.8196,22.960000000000008,0.019657148845283776,,,其他,False
厦门,2007,186.5262,198.6559,1387.852,739.998,12.129700000000014,0.00873990886636328,36.98512029129299,24.842435489516745,其他,False
厦门,2008,220.2343,238.0896,1560.0218,929.4447,17.8553,0.01144554518404807,18.07150952520342,19.850253629517155,其他,False
厦门,2009,240.5608,268.0527,1737.0,1158.0996,27.491900000000015,0.015827230857800814,9.229488776271456,12.584800008064212,其他,False
厦门,2010,289.1748,306.9468,2060.1,1384.666,17.77199999999999,0.00862676569098587,20.208612542026792,14.50987063364777,其他,False
厦门,2011,370.7718,389.0726,2539.3132,1558.7417,18.300800000000038,0.007206988094261093,28.217189049668214,26.755711413183004,其他,False
厦门,2012,422.9089,460.9779,2817.1,1680.1926,38.06899999999996,0.01351354229526817,14.061776003460903,18.481203765055664,其他,False
厦门,2013,490.5996,516.7402,3018.1565,1950.1009,26.14059999999995,0.008661114822905953,16.005976700892322,12.096523499282718,其他,False
厦门,2014,543.7986,548.2525,3273.5772,1972.0201,4.45390000000009,0.0013605605513137401,10.843669664630774,6.098286914778472,其他,False
厦门,2015,606.0967,651.1705,3466.0288,2050.2746,45.07379999999989,0.013004450511201722,11.456097900950857,18.772007423586736,其他,False
厦门,2016,647.9366,758.6381,3784.2662,2172.0007,110.70150000000001,0.029253095355712556,6.903172381568812,16.50375746444288,其他,False
厦门,2017,696.866,797.0976,4351.7,2292.056,100.23160000000007,0.023032745823471305,7.551572175425814,5.069545017578214,其他,False
厦门,2018,754.5412,892.4985,4791.4131,2610.177,137.95730000000003,0.028792612350623668,8.276368771040632,11.968534342594928,其他,False
厦门,2019,768.3751,912.977,5995.0,3062.0,144.6019,0.024120417014178483,1.8334187715660866,2.294513660247044,其他,False
厦门,2020,783.9392,976.9054,6384.0,3684.3858,192.96619999999996,0.030226535087719292,2.025586201322782,7.002191731007468,其他,False
厦门,2021,880.9611,1060.0015,7033.89,4197.7867,179.0404000000001,0.025453966439623037,12.376202134043046,8.506053912692057,其他,False
厦门,2022,883.8107,1088.7431,7802.66,5213.3921,204.93239999999992,0.026264427772067465,0.32346490667976013,2.7114678611303678,其他,False
厦门,2023,932.1359,1084.6541,8066.0,5963.1828,152.51819999999998,0.01890877758492437,5.4678224646974805,-0.37557069248015384,其他,False
厦门,2024,933.3486,1059.1976,8589.01,6546.1784,125.84899999999993,0.014652328964572161,0.1300990552987047,-2.3469694163328225,其他,False
合肥,2006,79.4046,102.8869,1073.76,624.56,23.482299999999995,0.02186922589777976,,,长三角,False
合肥,2007,169.3175,167.0789,1334.6102,673.0856,-2.238599999999991,-0.0016773436918135279,113.2338680630593,62.390838872587295,长三角,False
合肥,2008,222.0776,222.2517,1664.84,852.8294,0.1741000000000099,0.00010457461377670522,31.16045299511272,33.02200337684771,长三角,False
合肥,2009,180.8977,245.8575,2102.0,1031.8141,64.9598,0.030903805899143672,-18.54302279923775,10.621201097674394,长三角,False
合肥,2010,259.4283,317.7157,2701.6,1233.7343,58.28740000000005,0.021575140657388234,43.41160777610771,29.227581017459325,长三角,False
合肥,2011,338.5113,474.8895,3636.6,1689.5435,136.3782,0.03750156739811912,30.48356713589073,49.46995065084916,长三角,False
合肥,2012,389.4991,572.0987,4164.3,2065.5745,182.5996,0.04384881012415052,15.062362763074667,20.469856671920517,长三角,False
合肥,2013,438.6226,630.8885,4672.91,2355.7723,192.26590000000004,0.041144789863275785,12.611967524443578,10.276163885707135,长三角,False
合肥,2014,500.342,698.7901,5157.9732,2539.4998,198.44810000000007,0.03847404635603769,14.07118557046536,10.762852706936332,长三角,False
合肥,2015,571.544,772.6647,5660.27,3018.5366,201.12070000000006,0.035531997590220965,14.23066622430258,10.571786864181387,长三角,False
合肥,2016,614.8493,859.8503,6274.3777,3281.2636,245.00099999999998,0.03904785649101105,7.576896966812696,11.283756071682838,长三角,False
合肥,2017,655.9039,965.3444,7213.4476,3489.1815,309.44049999999993,0.042897726185742294,6.677180896196844,12.26889145703618,长三角,False
合肥,2018,712.4862,1004.9099,7822.9061,4003.407,292.42369999999994,0.03738044356687343,8.626614356157969,4.098589063136426,长三角,False
合肥,2019,745.9934,1122.6669,9409.0,4667.2164,376.6735,0.04003331916250399,4.702855999175837,11.718164981756063,长三角,False
合肥,2020,762.9009,1164.3459,10046.0,5589.4046,401.44500000000005,0.03996068086800717,2.2664409631506066,3.7124992283998015,长三角,False
合肥,2021,844.2188,1223.7236,11412.8,6394.1404,379.50480000000005,0.03325255853077247,10.659038415081179,5.099661535287758,长三角,False
合肥,2022,909.2546,1380.1794,12013.1,7958.0409,470.9248,0.039200938974952346,7.7036663954889395,12.78522372208888,长三角,False
合肥,2023,929.6276,1411.3371,12674.0,9387.1358,481.70949999999993,0.03800769291462837,2.2406265527829206,2.2575108714127934,长三角,False
合肥,2024,955.0095,1581.0585,13507.69,10785.8387,626.0490000000001,0.046347599034327856,2.730329865421366,12.025574896316416,长三角,False
呼和浩特,2006,45.5202,75.4985,900.0845,453.0845,29.978300000000004,0.03330609514995537,,,其他,False
呼和浩特,2007,57.9618,100.5133,1101.1331,511.3839,42.551500000000004,0.03864337562825058,27.33204159911422,33.13284369888143,其他,False
呼和浩特,2008,82.2459,133.1795,1316.37,640.5628,50.933599999999984,0.038692464884492954,41.89673198554913,32.49938067897482,其他,False
呼和浩特,2009,106.7947,165.1584,1644.0,775.8896,58.363699999999994,0.035501034063260335,29.84805321602657,24.011878705055967,其他,False
呼和浩特,2010,126.7617,177.28,1865.7,929.81,50.518299999999996,0.0270773972235622,18.696620712451086,7.33937843912269,其他,False
呼和浩特,2011,151.4252,255.668,2177.2669,1053.68,104.24280000000002,0.04787782333897604,19.45658665038412,44.21705776173286,其他,False
呼和浩特,2012,178.6447,275.3195,2475.6,1243.2682,96.6748,0.03905105832929391,17.975541719608113,7.686335403726718,其他,False
呼和浩特,2013,182.0177,294.8353,2710.39,1414.6189,112.81760000000003,0.04162412051402198,1.8881052726445136,7.088419091273956,其他,False
呼和浩特,2014,211.5389,310.9084,2894.05,1480.8828,99.36949999999996,0.034335792401651646,16.218862231530238,5.4515521038355885,其他,False
呼和浩特,2015,247.4021,360.645,3090.52,1683.9561,113.24289999999999,0.03664202140740069,16.95347758733736,15.99718759608939,其他,False
呼和浩特,2016,269.653,419.9738,3173.59,1866.0141,150.32079999999996,0.04736616891280851,8.993820181801215,16.450747965450784,其他,False
呼和浩特,2017,201.502,403.0357,2743.72,1953.4119,201.5337,0.07345272112314669,-25.273592357585496,-4.03313254303006,其他,False
呼和浩特,2018,204.7198,356.7396,2903.5,2174.0867,152.0198,0.052357430687101775,1.5969072267272733,-11.48684843551081,其他,False
呼和浩特,2019,203.1169,417.9245,2791.0,2391.6363,214.80760000000004,0.07696438552490148,-0.78297262892989,17.15113769259147,其他,False
呼和浩特,2020,217.1024,438.5688,2801.0,2623.7502,221.46640000000002,0.07906690467690111,6.885443801082047,4.939719973344459,其他,False
呼和浩特,2021,228.9248,420.7504,3121.43,2893.0958,191.8256,0.06145439750370824,5.445540906042501,-4.062851712205706,其他,False
呼和浩特,2022,230.8711,420.9756,3329.1,3372.4633,190.10449999999997,0.05710387191733501,0.8501918533946551,0.05352341911022407,其他,False
呼和浩特,2023,238.0592,592.973,3802.0,3903.7037,354.9137999999999,0.093349237243556,3.113468944358999,40.856857262036094,其他,False
呼和浩特,2024,255.1216,581.6105,4107.08,3771.4489,326.4889,0.07949416617158662,7.167292841444484,-1.916191799626621,其他,False
哈尔滨,2006,118.2934,194.6839,2094.0751,1563.8334,76.39049999999999,0.03647935071669588,,,其他,False
哈尔滨,2007,132.0495,232.3833,2436.8044,1541.1019,100.3338,0.041174334714760036,11.628797549144743,19.36441585565114,其他,False
哈尔滨,2008,164.0056,301.2746,2868.1851,1916.7579,137.26900000000003,0.047859184541471894,24.20009163230454,29.64554681855367,其他,False
哈尔滨,2009,193.3598,348.4127,3175.0,2249.5467,155.05289999999997,0.0488355590551181,17.898291277858824,15.646224407898956,其他,False
哈尔滨,2010,238.1428,452.9706,3664.9,2580.1409,214.8278,0.05861764304619498,23.160450103899556,30.009784373531744,其他,False
哈尔滨,2011,300.319,557.1368,4242.1894,2896.5659,256.8178,0.06053897546394321,26.108788508407564,22.996238607980303,其他,False
哈尔滨,2012,354.716,643.5756,4550.2,3320.6732,288.8596,0.06348283591930025,18.113073098938127,15.514825084252193,其他,False
哈尔滨,2013,402.2808,709.7811,5017.0491,3593.5628,307.50030000000004,0.06129106848884537,13.409262621364704,10.287136429659549,其他,False
哈尔滨,2014,423.5203,740.078,5340.0715,3768.8193,316.55769999999995,0.05927967443881602,5.279769752869146,4.268485030102931,其他,False
哈尔滨,2015,407.7328,824.8444,5751.2119,4370.4197,417.11159999999995,0.07252586189703772,-3.7276843636538826,11.453711635800556,其他,False
哈尔滨,2016,376.2384,876.2945,6101.6096,4671.897,500.05609999999996,0.08195478452112046,-7.724274328677994,6.237552197723595,其他,False
哈尔滨,2017,368.1048,958.4676,6355.0487,4938.373,590.3627999999999,0.09289666025690721,-2.161820802980241,9.3773383263275,其他,False
哈尔滨,2018,384.3671,962.1654,6300.4794,5394.256,577.7982999999999,0.09170703740416958,4.417845135407084,0.3858033385792048,其他,False
哈尔滨,2019,370.9066,1101.1389,5249.0,6291.8401,730.2322999999999,0.13911836540293387,-3.5019906750603735,14.443826394089832,其他,False
哈尔滨,2020,339.5674,1162.2493,5184.0,7311.3923,822.6818999999999,0.15869635416666666,-8.449350860836669,5.549744905025156,其他,False
哈尔滨,2021,365.8149,992.0759,5351.66,8187.2016,626.261,0.11702182126667239,7.729687832224186,-14.641729618593867,其他,False
哈尔滨,2022,,,5490.1,9645.654,,,0.0,0.0,其他,False
哈尔滨,2023,313.0744,1080.697,5576.0,11005.5949,767.6225999999999,0.13766545911047345,-14.41726403161817,8.932895154493714,其他,False
哈尔滨,2024,337.8436,1257.5552,6016.33,12056.2573,919.7116000000001,0.1528692076398735,7.911601842884619,16.365197645593543,其他,False
大连,2006,196.1357,266.5249,2569.6699,1866.4886,70.38919999999999,0.02739231214094853,,,其他,False
大连,2007,267.9757,344.5728,3130.6789,1836.9933,76.59709999999995,0.024466610101725846,36.62770214703392,29.28353035682594,其他,False
大连,2008,339.0691,410.0013,3858.2471,2388.9658,70.93220000000002,0.01838456640063308,26.529793559639913,18.988295071462424,其他,False
大连,2009,400.234,471.1648,4350.0,2930.6487,70.93080000000003,0.016305931034482767,18.039066373196498,14.917879528674671,其他,False
大连,2010,500.8322,611.4743,5158.2,3374.8155,110.64209999999997,0.02144974991276026,25.134846115022725,29.77928317225733,其他,False
大连,2011,651.1266,734.9406,6150.6265,3672.2094,83.81399999999996,0.013626904511272138,30.008933131695613,20.191576326265892,其他,False
大连,2012,750.1085,890.959,7002.8,4160.468,140.8504999999999,0.020113454618152723,15.201636670963836,21.22870882354302,其他,False
大连,2013,850.1646,1083.536,7650.7861,4483.7717,233.3714000000001,0.030502930934116705,13.338883641499844,21.614574856979974,其他,False
大连,2014,780.8645,989.4552,7655.5761,4666.7061,208.59069999999997,0.02724689785266454,-8.151374451488557,-8.682757194961688,其他,False
大连,2015,579.913,910.6922,7731.6363,5107.8913,330.77919999999995,0.042782560788587526,-25.73449042695628,-7.960239129573532,其他,False
大连,2016,611.9041,870.2783,6810.1998,5277.6562,258.3742,0.03793929805113794,5.516534376708226,-4.437712324756927,其他,False
大连,2017,657.6367,919.8403,7363.9182,5414.4951,262.20359999999994,0.035606533489196,7.473818201250815,5.694959876627981,其他,False
大连,2018,703.9857,1001.4898,7668.4823,6039.9697,297.5041,0.03879569494474806,7.047812264735209,8.876486494449098,其他,False
大连,2019,692.8397,1016.2849,7002.0,6842.2887,323.4452,0.04619325906883748,-1.5832707965516835,1.4773091048955411,其他,False
大连,2020,702.6822,1001.9838,7030.0,7843.7553,299.3016,0.042574907539118065,1.4206027743502547,-1.4071939866468597,其他,False
大连,2021,737.5978,980.0549,7825.95,8686.0667,242.45709999999997,0.030981171614947702,4.968903438851879,-2.188548357767861,其他,False
大连,2022,669.766,991.0839,8430.95,10070.2174,321.3179,0.0381117074588273,-9.196312678806805,1.1253451209723098,其他,False
大连,2023,750.2361,1013.5047,8753.0,11390.7291,263.2686,0.03007752770478693,12.014658851001702,2.262250451248371,其他,False
大连,2024,774.7741,1085.1441,9516.87,12401.4925,310.37,0.03261261318059404,3.2707037158036023,7.068482267521792,其他,False
天津,2006,417.0479,543.1219,3592.5,2808.1,126.07399999999996,0.03509366736256088,,,其他,False
天津,2007,540.439,674.3262,4229.8,3083.07,133.8872,0.03165331694169937,29.586793267631826,24.157431324349112,其他,False
天津,2008,675.6186,867.7245,5278.3,3978.04,192.10590000000002,0.03639541140139818,25.01292467790075,28.680229242167975,其他,False
天津,2009,821.9916,1124.2778,5828.6,4885.86,302.2862000000001,0.05186257420306765,21.665034088759526,29.5662160051952,其他,False
天津,2010,1068.8093,1376.8395,6991.6,5558.2339041591,308.03020000000015,0.04405718290520055,30.02679102803483,22.46435000317537,其他,False
天津,2011,1455.13,1796.33,8240.8,6123.0772715164,341.1999999999998,0.041403747209008815,36.1449605649951,30.46763983746834,其他,False
天津,2012,1760.0201,2143.2125,9193.0,7055.4,383.19240000000013,0.041683063200261085,20.952773978957183,19.310622213067763,其他,False
天津,2013,2079.0716,2549.2061,10075.2,7612.3069626508,470.13449999999966,0.04666254764173412,18.127719109571537,18.943226581591865,其他,False
天津,2014,2390.3518,2884.6993,10749.2,7916.9,494.3475000000003,0.045989236408290876,14.972076959735281,13.160693440989357,其他,False
天津,2015,2667.11,3232.3507,10889.2,8743.7889,565.2406999999998,0.05190837710759282,11.578136741211065,12.051564611951049,其他,False
天津,2016,2723.5,3699.43,11487.0,9125.3832,975.9299999999998,0.08495951945677721,2.114273502030284,14.45014304914376,其他,False
天津,2017,2310.3552,3282.5404,12468.2,9558.0478,972.1851999999999,0.07797317976933317,-15.169627317789613,-11.2690225250917,其他,False
天津,2018,2106.2397,3103.1579,13411.1,10746.1653,996.9182000000001,0.07433530433745182,-8.834810335657473,-5.464746146003252,其他,False
天津,2019,2410.41,3555.7052,14097.2,12639.6371,1145.2952,0.0812427432397923,14.441390502704877,14.583444174722771,其他,False
天津,2020,1923.1103,3151.3505,14230.8,14865.7121,1228.2402,0.08630858419765579,-20.21646524865064,-11.371997318562855,其他,False
天津,2021,2141.0606,3152.5478,16093.2,16244.1217,1011.4872,0.06285183804339721,11.333218900652753,0.03799323496385121,其他,False
天津,2022,1846.6866,2729.8298,16588.5,19211.245,883.1432,0.05323827953100039,-13.748980295092995,-13.408773690917542,其他,False
天津,2023,2027.51,3280.42,17211.8,21996.8247,1252.91,0.07279366481135036,9.791775171813132,20.1693966415049,其他,False
天津,2024,2134.1963,3627.181,17931.3,24069.6285,1492.9847,0.08326137536040332,5.2619370557975165,10.57062815127332,其他,False
太原,2006,75.3306,95.4238,1013.6482,1183.9536,20.093199999999996,0.01982265642063982,,,其他,False
太原,2007,88.417,155.8029,1254.9447,1307.2386,67.38589999999999,0.05369631028363241,17.37195774359954,63.27467570983338,其他,False
太原,2008,116.9224,152.8553,1468.0851,1728.9231,35.932900000000004,0.024476033439750872,32.23972765418415,-1.8918774939362448,其他,False
太原,2009,117.5322,159.9051,1545.0,2085.0017,42.3729,0.027425825242718447,0.5215424931407586,4.612074295101309,其他,False
太原,2010,138.4809,189.6358,1778.1,2386.7861,51.1549,0.028769416793206232,17.82379637239837,18.59271530426483,其他,False
太原,2011,174.7179,239.3147,2080.1243,2775.5685,64.5968,0.031054298053246148,26.167507576857176,26.197004995892126,其他,False
太原,2012,215.6654,277.4437,2311.4,3021.4991,61.77829999999997,0.02672765423552824,23.436350826103116,15.93257748061443,其他,False
太原,2013,247.3261,319.109,2412.8724,3307.9851,71.78289999999998,0.029749977661479313,14.680472621013841,15.017569330282154,其他,False
太原,2014,258.8527,322.6934,2531.0917,3325.7782,63.84069999999997,0.025222594661426123,4.66048670156527,1.1232525563365625,其他,False
太原,2015,274.2403,419.9913,2735.3442,3432.12,145.75100000000003,0.05328433620894951,5.944539114330261,30.151809736424728,其他,False
太原,2016,282.6893,424.0666,2955.6045,3661.76,141.3773,0.04783363267987987,3.080874692742097,0.9703296234945702,其他,False
太原,2017,311.8503,479.0558,3382.1819,4384.88,167.20549999999997,0.04943716953839768,10.315565534316296,12.967114127828028,其他,False
太原,2018,373.2275,542.4589,3884.4778,4767.46,169.23139999999995,0.04356606182689471,19.681622881235008,13.235013541220031,其他,False
太原,2019,386.6164,610.553,4029.0,5252.08,223.9366,0.05558118639861007,3.587329443837861,12.55285884331514,其他,False
太原,2020,378.4351,647.3448,4153.0,5896.93,268.9097,0.06475071032988201,-2.1161285449867173,6.0259797265757475,其他,False
太原,2021,423.4439,628.9857,5121.61,6566.4,205.54179999999997,0.040132263096955834,11.893399951537265,-2.836062018262908,其他,False
太原,2022,437.4837,715.8959,5571.17,7761.93,278.4122,0.049973739806898725,3.315622211112257,13.817516042097623,其他,False
太原,2023,449.2358,777.2629,5574.0,8825.188,328.02709999999996,0.058849497667743084,2.686294369367359,8.572056356238388,其他,False
太原,2024,440.2649,744.3766,5418.87,9741.1974,304.11170000000004,0.05612087021832966,-1.9969245549887105,-4.231039459107066,其他,False
宁波,2006,257.3799,292.6969,2874.4435,1752.0388,35.31700000000001,0.012286552162183745,,,长三角,False
宁波,2007,329.1218,371.04,3435.0042,1856.0788,41.91820000000001,0.012203245632130526,27.87393265752298,26.765947982366733,长三角,False
宁波,2008,390.3874,439.4083,3964.0472,2365.1493,49.02089999999998,0.012366376464942189,18.614871454883875,18.426126563173774,长三角,False
宁波,2009,432.8003,506.0788,4329.0,2901.7634,73.27850000000001,0.01692735042735043,10.864310682158273,15.172790318252982,长三角,False
宁波,2010,530.9278,600.7447,5163.0,3312.1737,69.81689999999992,0.013522545031958148,22.672696853491114,18.7057628179643,长三角,False
宁波,2011,657.5531,750.7233,6059.2409,3696.2819,93.17020000000002,0.015376546590184264,23.849815360958672,24.965447052633174,长三角,False
宁波,2012,725.5003,828.4437,6582.2,4175.9634,102.9434,0.015639664549846555,10.333340379659074,10.352735821573678,长三角,False
宁波,2013,792.808,939.8939,7128.8672,4562.3634,147.08590000000004,0.020632436525118612,9.277418630977818,13.452960050272566,长三角,False
宁波,2014,860.6109,1000.8563,7610.2816,4780.3126,140.24540000000002,0.01842841137442273,8.552247202349129,6.486093802715387,长三角,False
宁波,2015,1006.4065,1252.6362,8003.6103,5302.8406,246.22969999999987,0.030764828717360197,16.940942765191558,25.15644853312107,长三角,False
宁波,2016,1114.5409,1289.2601,8686.4911,5689.4416,174.7192,0.020113898464709186,10.744604690053162,2.9237459367691843,长三角,False
宁波,2017,1245.288,1410.6049,9842.1,5902.6776,165.31690000000003,0.016796913260381425,11.731027546858087,9.411972029538497,长三角,False
宁波,2018,1379.6865,1594.1,10745.4632,6561.2648,214.41349999999989,0.01995386294748093,10.792563647927222,13.008256245246264,长三角,False
宁波,2019,1468.5072,1767.8895,11985.0,7475.4684,299.3823,0.024979749687108886,6.437745096440395,10.902045041089025,长三角,False
宁波,2020,1510.8432,1742.0878,12409.0,8522.0707,231.2446,0.01863523249254573,2.8829276424385153,-1.4594633884074781,长三角,False
宁波,2021,1723.1388,1944.4158,14594.92,9387.3063,221.27700000000004,0.015161234182852666,14.051464771460065,11.614110379511299,长三角,False
宁波,2022,1680.2309,2187.8133,15704.3,11749.7481,507.5823999999998,0.03232123685869474,-2.490101203687123,12.517770118922078,长三角,False
宁波,2023,1785.8565,2235.0944,16453.0,14282.0093,449.23789999999985,0.02730431532243359,6.286374092989244,2.1611121936227384,长三角,False
宁波,2024,1790.4654,2230.3651,18147.7,16255.5179,439.89969999999994,0.024239969803335957,0.25807784668028244,-0.21159285263298022,长三角,False
广州,2006,427.0831,506.7899,6073.8277,5562.3554,79.70679999999999,0.013122993265021329,,,珠三角,True
广州,2007,523.7862,623.6917,7109.1814,5855.79,99.90549999999996,0.014053024445261722,22.642689443810827,23.06711321595003,珠三角,True
广州,2008,621.8355,713.3508,8215.8151,7111.27,91.51530000000002,0.011138919131712206,18.71933624826314,14.37554804721628,珠三角,True
广州,2009,702.6527,789.9155,9138.0,8214.21,87.26279999999997,0.009549441891004594,12.99655616316533,10.733106348237076,珠三角,True
广州,2010,872.647,977.3199,10748.3,9302.33,104.67289999999991,0.00973855400388898,24.193218072029055,23.724613582085684,珠三角,True
广州,2011,979.48,1181.25,12423.439,10032.62,201.76999999999998,0.01624107463319939,12.24240729642112,20.86625883705018,珠三角,True
广州,2012,1102.3961,1343.6451,13551.2,11310.69,241.24900000000002,0.017802777613790663,12.549117899293494,13.747733333333322,珠三角,True
广州,2013,1141.8044,1386.1349,15420.1434,12496.6918,244.33050000000003,0.015844891559179664,3.574785868709074,3.162278491545134,珠三角,True
广州,2014,1243.1035,1436.2226,16706.8719,12825.6427,193.11910000000012,0.011559261431818372,8.871843548684865,3.613479467258207,珠三角,True
广州,2015,1349.4742,1727.7176,18100.4136,13602.3823,378.24339999999984,0.020896947901787165,8.556865940768432,20.29594855282182,珠三角,True
广州,2016,1393.6442,1943.7465,19547.442,13995.7861,550.1023,0.028141907263364692,3.273126674077931,12.503715885049726,珠三角,True
广州,2017,1536.7365,2186.013,21503.1516,14625.6284,649.2764999999999,0.030194480887164463,10.267491516127292,12.46389382566091,珠三角,True
广州,2018,1634.2242,2506.1818,22859.3471,16042.0619,871.9575999999997,0.03814446651453137,6.343813659661235,14.646244098273886,珠三角,True
广州,2019,1699.0383,2865.3263,23629.0,17980.5558,1166.2880000000002,0.049358330864615524,3.9660470087274247,14.330345069140659,珠三角,True
广州,2020,1722.7892,2952.6468,25019.0,20774.1257,1229.8576,0.04915694472201127,1.3979025664106581,3.0474888671492506,珠三角,True
广州,2021,1884.257,3021.1834,28231.97,22768.5313,1136.9263999999998,0.040270884390993605,9.372464141289027,2.3211919556378913,珠三角,True
广州,2022,1855.0953,3022.4506,28839.0,26479.869,1167.3553000000002,0.040478355698879996,-1.547649816346719,0.04194382903071059,珠三角,True
广州,2023,1945.0562,2971.6481,30356.0,29714.9503,1026.5919,0.03381841810515219,4.849395068813989,-1.6808380590240368,珠三角,True
广州,2024,1954.7351,2782.4982,31032.5,32394.0385,827.7630999999999,0.026674070732296783,0.49761544165152216,-6.3651513784556135,珠三角,True
成都,2006,186.7703,252.2439,2750.4776,2411.4509,65.4736,0.023804447634839854,,,其他,False
成都,2007,286.3772,356.0453,3324.1677,2466.3956,69.66809999999998,0.020958058162950075,53.33123092911454,41.15120326001937,其他,False
成都,2008,354.6938,506.4309,3900.9857,3264.7872,151.7371,0.03889711772078529,23.85546056040775,42.23777142964673,其他,False
成都,2009,387.3626,600.9694,4503.0,4233.7109,213.60679999999996,0.047436553408838546,9.210423187549367,18.66760104883014,其他,False
成都,2010,526.94,777.38,5551.3,5071.372,250.43999999999994,0.04511375713796767,36.03275070954193,29.354339838267983,其他,False
成都,2011,680.6929,857.8696,6854.5786,5944.7689,177.17669999999998,0.02584793469287813,29.178445363798524,10.353958167176923,其他,False
成都,2012,780.8952,983.8477,8138.9,7060.0314,202.9525,0.02493610930223986,14.720632461422767,14.684994083016822,其他,False
成都,2013,898.5395,1161.7542,9108.8904,8151.589,263.2147000000001,0.028896461417518,15.065312221153349,18.082727641686812,其他,False
成都,2014,1025.1696,1340.0037,10056.5926,8976.9401,314.83410000000003,0.03130623984907174,14.092880724776148,15.343133685249422,其他,False
成都,2015,1157.6393,1468.4242,10801.1633,9922.1841,310.7848999999999,0.028773280374346333,12.921735096319686,9.583592940825447,其他,False
成都,2016,1175.4109,1595.8949,12170.2335,10808.0,420.4839999999999,0.034550199879073804,1.5351586629790415,8.680781752302913,其他,False
成都,2017,1275.5334,1756.6621,13889.394,11970.8368,481.1287,0.034640006612239524,8.518085037326095,10.073796213021291,其他,False
成都,2018,1424.155,1837.4238,15342.7716,13141.4672,413.26880000000006,0.026935733045781642,11.651721546452642,4.597452179334893,其他,False
成都,2019,1482.9607,2006.9493,17013.0,14900.5522,523.9885999999999,0.030799306412743192,4.129164311468925,9.22626015838044,其他,False
成都,2020,1520.3788,2159.4765,17717.0,17084.9889,639.0977000000003,0.03607256871930915,2.52320240178987,7.599952823920386,其他,False
成都,2021,1697.6341,2237.6872,19916.98,19020.4642,540.0530999999999,0.027115210237696672,11.65862744205588,3.6217435105220908,其他,False
成都,2022,1722.4332,2435.0108,20817.5,22402.7781,712.5776000000001,0.03422973940194548,1.460803597194471,8.8181940710927,其他,False
成都,2023,1929.057,2586.8282,22075.0,25768.9379,657.7711999999999,0.029797109852774627,11.996041413971813,6.234773168151864,其他,False
成都,2024,1949.4956,2610.3949,23511.34,28991.8879,660.8992999999998,0.028109809989562477,1.0595124975570913,0.9110268706673308,其他,False
拉萨,2006,3.8976,15.6896,,,11.792,,,,其他,False
拉萨,2007,5.7466,24.6227,121.91,90.47,18.876099999999997,0.15483635468788448,47.43944991789819,56.93644197430143,其他,False
拉萨,2008,8.0308,33.0167,142.05,104.45,24.9859,0.17589510735656458,39.74872098284201,34.09049373139421,其他,False
拉萨,2009,10.0467,37.7316,163.0,127.3,27.6849,0.16984601226993865,25.10210688847936,14.280349035488094,其他,False
拉萨,2010,15.0159,51.3496,,,36.3337,,49.46101705037476,36.09176393261882,其他,False
拉萨,2011,23.4291,75.6271,222.4192,178.2976,52.198,0.2346829770091791,56.02860967374581,47.27884929970243,其他,False
拉萨,2012,34.3567,106.9009,260.1,,72.54419999999999,0.27890888119953855,46.641142852264906,41.35263681934121,其他,False
拉萨,2013,50.1616,131.9166,304.87,,81.755,0.2681634795158592,46.002380903870296,23.400831985511815,其他,False
拉萨,2014,64.7891,169.4872,347.45,559.2769,104.6981,0.3013328536480069,29.160752448087777,28.480570299719687,其他,False
拉萨,2015,62.4162,200.3958,376.73,341.1873,137.9796,0.3662559392668489,-3.662498784517765,18.236539396485398,其他,False
拉萨,2016,70.7891,248.105,424.95,408.87,177.3159,0.4172629721143664,13.41462633098458,23.8074849872103,其他,False
拉萨,2017,89.6288,257.4658,479.25,442.6917,167.837,0.350207616066771,26.613843091662414,3.7729187239273765,其他,False
拉萨,2018,110.103,300.1179,540.78,461.4153,190.0149,0.3513719072450905,22.843327144846292,16.56612256851202,其他,False
拉萨,2019,117.0407,365.4116,618.0,471.781,248.3709,0.40189466019417475,6.30109987920402,21.75601655216166,其他,False
拉萨,2020,107.2584,349.6638,678.0,530.61,242.4054,0.3575300884955752,-8.358032718532959,-4.309605934786975,其他,False
拉萨,2021,106.9404,318.3815,741.84,557.0716,211.4411,0.2850225115927963,-0.29648027567071855,-8.946393650129059,其他,False
拉萨,2022,72.4749,355.3345,747.57,631.6772,282.8596,0.3783720588038578,-32.2286993502923,11.606516082121598,其他,False
拉萨,2023,109.137,452.1217,835.0,717.5289,342.9847,0.410760119760479,50.58592698989581,27.238334583329227,其他,False
拉萨,2024,120.6387,465.3495,990.04,792.1146,344.71079999999995,0.34817865944810306,10.538772368674243,2.92571668203494,其他,False
昆明,2006,103.716,133.6765,1207.2855,1156.0674,29.96050000000001,0.024816416663664072,,,其他,False
昆明,2007,133.0993,164.654,1405.0473,1212.1674,31.554699999999997,0.022458105147065154,28.330537236299126,23.173482250058907,其他,False
昆明,2008,174.9894,233.4865,1511.6795,1547.11,58.49710000000002,0.03869676078824911,31.472817663203333,41.80432907794527,其他,False
昆明,2009,,,1809.0,,,,0.0,0.0,其他,False
昆明,2010,253.8316,346.308,2120.4,2341.54,92.47639999999998,0.0436127145821543,45.055414785124135,48.320352568563905,其他,False
昆明,2011,317.6893,441.7322,2509.5813,2615.6515,124.04289999999997,0.04942772724677219,25.157506000040964,27.55472007577069,其他,False
昆明,2012,378.3951,525.536,3011.1,2967.0236,147.14089999999993,0.04886616186775595,19.108544102681456,18.971630322625323,其他,False
昆明,2013,450.7534,585.761,3415.3115,3355.2805,135.00759999999997,0.039530098499068085,19.122419925627998,11.459728734092444,其他,False
昆明,2014,477.9736,593.6558,3712.9943,3495.8025,115.68220000000002,0.031156040288023074,6.03882300166787,1.347785188839823,其他,False
昆明,2015,502.2161,615.4909,3968.0051,3429.5319,113.27480000000003,0.028547039921899303,5.071932843152838,3.678074062444936,其他,False
昆明,2016,530.0026,688.4046,4300.078,3540.7104,158.40199999999993,0.03683700621244543,5.532777623019269,11.846430223420024,其他,False
昆明,2017,560.8643,775.9012,4857.6426,4431.4031,215.03690000000006,0.04426774831067235,5.822933698815813,12.710054523168512,其他,False
昆明,2018,595.6333,756.8044,5206.8979,4882.5093,161.17110000000002,0.03095338205114412,6.19918222643161,-2.4612411992660954,其他,False
昆明,2019,630.0303,820.859,6476.0,5355.4466,190.82870000000003,0.029467063001853,5.774861815147014,8.46382499890328,其他,False
昆明,2020,650.4738,875.0545,6734.0,5962.7871,224.58069999999998,0.0333502673002673,3.244843938458186,6.602291014656592,其他,False
昆明,2021,689.1172,928.1565,7222.5,6495.4441,239.03930000000003,0.03309647628937349,5.940808069441084,6.0684220239996645,其他,False
昆明,2022,505.2456,863.3161,7541.37,7391.221,358.0705,0.04748082908012735,-26.682195713588342,-6.985933945406842,其他,False
昆明,2023,558.0042,837.7916,7865.0,8288.8464,279.78740000000005,0.03557373172282264,10.442169115376743,-2.956564808648887,其他,False
昆明,2024,547.2211,842.8486,8275.22,9095.9733,295.62750000000005,0.035724427870195606,-1.932440651880396,0.6036107308786676,其他,False
杭州,2006,301.3888,275.4809,3441.5068,2473.69,-25.907899999999984,-0.0075280688098596765,,,长三角,False
杭州,2007,391.6195,335.7153,4100.1722,2578.78,-55.9042,-0.013634598078588018,29.93830560392423,21.865181941833356,长三角,False
杭州,2008,455.3531,419.6674,4781.1649,3420.65,-35.6857,-0.007463808663031053,16.27436836010463,25.006932957777007,长三角,False
杭州,2009,520.7899,490.3983,5088.0,4286.9189,-30.391599999999983,-0.005973191823899367,14.370562097853302,16.854037268560784,长三角,False
杭州,2010,671.3413,616.5836,5949.2,4990.9744,-54.7577,-0.009204212331069724,28.90827951924568,25.731186262268867,长三角,False
杭州,2011,785.1524,747.5108,7019.0579,5519.1683,-37.641599999999926,-0.005362770978139378,16.952792864076716,21.234298155189336,长三角,False
杭州,2012,859.9875,786.28,7802.0,6022.0823,-73.70749999999998,-0.009447257113560623,9.531283353397392,5.186440115647817,长三角,False
杭州,2013,945.202,855.737,8343.5193,6339.7531,-89.46500000000003,-0.010722693480196065,9.908806814052529,8.833621610622178,长三角,False
杭州,2014,1027.3169,961.1771,9206.1633,6694.5512,-66.13980000000004,-0.007184295764121416,8.687550386055044,12.321554402813018,长三角,False
杭州,2015,1233.882,1205.4777,10050.2079,7507.0901,-28.40430000000015,-0.0028262400422582453,20.107242468219887,25.41681444553765,长三角,False
杭州,2016,1402.3826,1404.3065,11313.7223,8313.1325,1.9239000000000033,0.0001700501346051249,13.65613567585877,16.493776699477735,长三角,False
杭州,2017,1567.4169,1540.9156,12603.3629,8502.96,-26.5012999999999,-0.0021027165694006878,11.768136598386203,9.727869236523512,长三角,False
杭州,2018,1825.0616,1717.0834,13509.1508,9981.2364,-107.97820000000002,-0.007992967255943284,16.437534902169304,11.432670290313096,长三角,False
杭州,2019,1965.9731,1952.853,15373.0,11677.3374,-13.120099999999866,-0.0008534508553958151,7.720917474785516,13.730818200210892,长三角,False
杭州,2020,2093.3893,2069.6554,16106.0,14193.6258,-23.73389999999972,-0.0014736061095243836,6.4810754531687165,5.9811158341155135,长三角,False
杭州,2021,2386.5936,2392.0396,18109.42,15623.01,5.445999999999913,0.0003007274666996466,14.006200375630096,15.576709050211935,长三角,False
杭州,2022,2450.6119,2542.0894,18753.07,19598.7629,91.47749999999996,0.004878001308585739,2.6824131263906814,6.272881101132266,长三角,False
杭州,2023,2616.8107,2636.227,20059.0,23199.3852,19.416299999999865,0.000967959519417711,6.7819306680098945,3.7031585120491872,长三角,False
杭州,2024,2640.3344,2690.354,21860.32,25545.5428,50.01959999999963,0.002288145827691435,0.8989454223800042,2.0531995158231897,长三角,False
武汉,2006,178.6021,257.8102,2590.7569,1887.7333,79.2081,0.03057334325733148,,,其他,False
武汉,2007,221.6755,307.2345,3141.9048,1949.0667,85.55900000000003,0.027231569842599952,24.11696167066344,19.17080860260767,其他,False
武汉,2008,277.3176,377.8847,3960.0819,2428.02,100.56709999999998,0.0253952071041763,25.10069899470173,22.995529473415253,其他,False
武汉,2009,316.0716,503.643,4621.0,3010.1111,187.57139999999998,0.04059108418091322,13.974590866212576,33.27954267531867,其他,False
武汉,2010,390.1866,583.5453,5565.9,3590.5589,193.3587,0.034739880342801704,23.448800841328364,15.864868567616352,其他,False
武汉,2011,673.26,765.0426,6762.2,4036.2313,91.7826,0.013572890479429773,72.54821154801319,31.10252108962235,其他,False
武汉,2012,828.5846,885.5477,8003.8,4622.963,56.96309999999994,0.007117006921712179,23.07052253215698,15.751423515500962,其他,False
武汉,2013,978.52,1122.8838,9051.27,5117.43,144.36380000000008,0.015949562879021405,18.09536407024701,26.801052049483065,其他,False
武汉,2014,1101.0207,1175.1039,10069.48,5352.1348,74.08320000000003,0.007357202159396517,12.518977639700779,4.650534632345749,其他,False
武汉,2015,1245.6338,1338.0508,10905.6,6059.03,92.41699999999992,0.00847427009976525,13.13445787168217,13.866595115546797,其他,False
武汉,2016,1322.0962,1524.6791,11912.61,6464.8837,202.5829000000001,0.017005752727571884,6.13843330198649,13.94777388123083,其他,False
武汉,2017,1402.9265,1728.2839,13410.34,6879.7137,325.35739999999987,0.0242616816575866,6.113798678189997,13.353944446408427,其他,False
武汉,2018,1528.6984,1929.3075,14847.29,7728.5037,400.6090999999999,0.026981967753037753,8.96496715971935,11.631399216297744,其他,False
武汉,2019,1564.1163,2237.1003,16223.0,8992.96,672.9840000000002,0.041483326141897314,2.316866427020514,15.953537733098532,其他,False
武汉,2020,1230.2897,2407.8114,15616.0,10213.24,1177.5217,0.07540482197745901,-21.34282469916079,7.630909530520369,其他,False
武汉,2021,1578.6488,2215.9673,17716.76,11498.18,637.3184999999999,0.035972632693562476,28.31520901134097,-7.96757171263498,其他,False
武汉,2022,1504.7392,2223.1481,18866.43,13923.74,718.4088999999999,0.03807868791286957,-4.681826635537933,0.32404810305639575,其他,False
武汉,2023,1601.199,2204.0782,20012.0,16208.0792,602.8791999999999,0.030125884469318402,6.410399888565421,-0.8577881068742133,其他,False
武汉,2024,1667.3101,2480.996,21106.23,18248.5802,813.6859000000002,0.03855192992779858,4.128849693261105,12.563882715232166,其他,False
沈阳,2006,175.6336,268.7649,2519.6338,1921.9758,93.13130000000001,0.036962236337677326,,,其他,False
沈阳,2007,230.8085,339.6754,3221.1508,1967.8306,108.86690000000002,0.03379751733448804,31.414774849459338,26.38383955643018,其他,False
沈阳,2008,291.0381,406.7372,3860.4745,2471.7753,115.69909999999999,0.029970175945987984,26.095052825177568,19.742907493448136,其他,False
沈阳,2009,320.207,475.8822,4269.0,2948.5416,155.67520000000002,0.03646643241977044,10.022364769423664,16.999920341685005,其他,False
沈阳,2010,465.354,516.6242,5017.5,3338.231,51.27019999999999,0.010218276033881413,45.32911522858652,8.561362454825993,其他,False
沈阳,2011,620.1243,639.2904,5915.7142,3729.4713,19.16610000000003,0.0032398623990320605,33.25861602135147,23.743796748197244,其他,False
沈阳,2012,715.0377,766.0854,6602.6,4318.8378,51.04770000000008,0.007731454275588416,15.30554438843954,19.833709375269848,其他,False
沈阳,2013,800.9997,881.2817,7158.5745,4765.4786,80.28200000000004,0.011214802611888728,12.022023454147934,15.037005012757065,其他,False
沈阳,2014,785.502,914.3712,7098.7051,5147.6332,128.8692000000001,0.01815390246314079,-1.9347947321328607,3.754701816683581,其他,False
沈阳,2015,606.2411,808.5751,7272.3051,5769.2954,202.33400000000006,0.027822540063672532,-22.82118950683767,-11.570366608222137,其他,False
沈阳,2016,620.9494,825.3935,5546.4498,6145.5466,204.44410000000005,0.03686035344627117,2.4261469570439953,2.0800046897313518,其他,False
沈阳,2017,656.2406,855.0151,5864.9653,6495.2539,198.7745,0.03389184587332512,5.683426056937968,3.58878522789432,其他,False
沈阳,2018,720.6425,965.4417,6292.3981,7288.1388,244.79919999999993,0.03890395936646156,9.813763427620925,12.915163720500367,其他,False
沈阳,2019,730.2853,1047.646,6470.0,8337.6061,317.36069999999995,0.04905111282843894,1.3380837238991639,8.514682968427811,其他,False
沈阳,2020,736.0802,1074.0503,6572.0,10329.8551,337.9701000000001,0.05142576080340842,0.7935117960063076,2.520345612926511,其他,False
沈阳,2021,773.0201,1032.5049,7249.0,11057.2697,259.48479999999995,0.035795944268174916,5.018461303537292,-3.868105618517137,其他,False
沈阳,2022,713.6722,1053.5872,7695.8,12473.9706,339.91499999999996,0.044168897320616435,-7.677407094589128,2.041859559213721,其他,False
沈阳,2023,800.8539,1084.0553,8122.0,13894.7362,283.20140000000004,0.03486843142083231,12.215930507031093,2.8918441681903495,其他,False
沈阳,2024,825.5809,1160.6947,9027.14,15132.0048,335.11379999999997,0.03712292043770231,3.0875793949433294,7.069694691774497,其他,False
济南,2006,128.4388,146.9762,2185.0856,1182.5655,18.53740000000002,0.008483603571411582,,,其他,False
济南,2007,157.0192,179.9787,2562.8135,1266.659,22.95949999999999,0.008958708856496966,22.252154333425757,22.454315732751297,其他,False
济南,2008,186.0155,221.319,3017.4243,1588.528,35.303499999999985,0.01169987926457674,18.466722540937663,22.9695513969153,其他,False
济南,2009,210.1923,259.9178,3351.0,1911.534,49.72550000000001,0.014839003282602212,12.997196470186623,17.440346287485497,其他,False
济南,2010,266.1314,336.8037,3910.5,2187.6758,70.6723,0.018072445978775095,26.613296490880025,29.580852100163966,其他,False
济南,2011,325.4165,396.8831,4406.29,2427.4843,71.46660000000003,0.016219222974429744,22.276627260067784,17.838105697769958,其他,False
济南,2012,380.8218,465.6731,4803.7,2888.739,84.85129999999998,0.017663738368341068,17.02596518615376,17.33255963783793,其他,False
济南,2013,482.0722,519.319,5230.1948,3267.78,37.24679999999995,0.007121493830401871,26.58734347666021,11.52007706693816,其他,False
济南,2014,543.1278,571.4138,5770.5966,3541.3602,28.286000000000058,0.00490174620766249,12.665239771138005,10.031368003096386,其他,False
济南,2015,614.3172,658.1813,6100.232,3951.4181,43.86410000000001,0.007190562588439261,13.107301817362327,15.18470502462488,其他,False
济南,2016,641.2167,741.2641,6536.1165,4279.9453,100.04740000000004,0.015306856908073783,4.378763934983421,12.623087286132261,其他,False
济南,2017,677.21,834.06,7201.96,4465.7303,156.8499999999999,0.021778793550644535,5.613281750147814,12.518601669769236,其他,False
济南,2018,752.8162,1018.2539,7856.56,5008.0833,265.43770000000006,0.03378548626879958,11.164365558689315,22.084010742632444,其他,False
济南,2019,874.1898,1197.3158,9443.0,6438.0943,323.1260000000001,0.034218574605527914,16.122607350904516,17.585191669779032,其他,False
济南,2020,906.0751,1288.7953,10141.0,7584.1225,382.7202,0.03773988758505078,3.6474115804142393,7.640381927641804,其他,False
济南,2021,1007.6073,1293.0814,11432.22,8558.4289,285.4741,0.02497101175449738,11.205715729303222,0.3325663897129294,其他,False
济南,2022,1001.1421,1225.5733,12027.46,10226.2713,224.4312,0.018659899928995815,-0.6416388606950374,-5.220715416678335,其他,False
济南,2023,1060.8223,1365.2948,12757.0,11806.3832,304.47249999999985,0.023867092576624588,5.961211700117297,11.40050130008543,其他,False
济南,2024,1083.0473,1397.1495,13527.55,13283.8734,314.10220000000004,0.023219444762724962,2.095072850561297,2.333173758517204,其他,False
海口,2006,21.1288,32.2454,350.1246,406.9576,11.116599999999998,0.03175041113934867,,,其他,False
海口,2007,44.8495,43.2058,393.6858,430.9529,-1.6436999999999955,-0.004175156939874376,112.26714247851275,33.990584703554646,其他,False
海口,2008,31.0313,46.7882,443.1808,528.4629,15.756900000000002,0.03555411245252502,-30.810153959352938,8.291479384712241,其他,False
海口,2009,38.4416,66.6116,490.0,610.29,28.169999999999995,0.05748979591836734,23.88008236844734,42.36837493214098,其他,False
海口,2010,50.3661,78.9877,595.1,772.03,28.6216,0.04809544614350529,31.019780654291186,18.579496664244676,其他,False
海口,2011,60.9319,99.4265,713.3,852.1037,38.494600000000005,0.05396691434179168,20.977999090658184,25.87592751782872,其他,False
海口,2012,73.1687,113.845,818.8,952.1479,40.6763,0.04967794333170494,20.08274811716031,14.501667060592482,其他,False
海口,2013,86.7324,131.9978,904.6355,1062.0955,45.265400000000014,0.05003716966667792,18.537571393232355,15.945188633668606,其他,False
海口,2014,100.1174,150.92,1091.7021,1119.4789,50.802599999999984,0.04653522238346888,15.432525791976248,14.335238920648653,其他,False
海口,2015,111.5041,170.9331,1161.9648,1262.0625,59.429,0.05114526705111894,11.373347689812153,13.260734163795384,其他,False
海口,2016,115.5064,200.3,1257.6653,1445.4862,84.79360000000001,0.06742143557590403,3.5893747404804,17.180347165060496,其他,False
海口,2017,125.3645,198.3183,1390.5779,3790.0965,72.95379999999999,0.0524629364525353,8.534678597895873,-0.9893659510733954,其他,False
海口,2018,169.8793,238.2473,1510.513,1706.5,68.368,0.04526144429078068,35.50829780360467,20.13379501538688,其他,False
海口,2019,185.3425,265.8645,1672.0,1838.6884,80.52200000000002,0.04815909090909092,9.102462748551465,11.591820767748473,其他,False
海口,2020,186.0519,307.0836,1792.0,2034.6349,121.0317,0.06754001116071429,0.3827508531502488,15.503799867977852,其他,False
海口,2021,208.3234,274.258,2057.06,2222.012,65.93459999999999,0.03205283268353864,11.970584551944906,-10.689466972511719,其他,False
海口,2022,204.82,332.6785,2134.77,2544.8224,127.85849999999999,0.05989333745555727,-1.681712184036932,21.301292943141135,其他,False
海口,2023,266.8655,369.5399,2358.0,2875.298,102.67439999999999,0.04354300254452926,30.29269602577873,11.080187027415356,其他,False
海口,2024,258.2621,372.0654,2470.63,3154.8369,113.80330000000004,0.04606246180124099,-3.223871201035733,0.6834174063477416,其他,False
深圳,2006,500.8827,571.4231,5813.5624,3744.7,70.54039999999998,0.0121337650043973,,,珠三角,True
深圳,2007,658.0554,727.9563,6801.5706,3792.59,69.90090000000009,0.01027717039355588,31.37914326048792,27.393572293454717,珠三角,True
深圳,2008,800.3603,889.8555,7806.5387,4905.93,89.49519999999995,0.011464133265617444,21.62506378642286,22.240236124064026,珠三角,True
深圳,2009,880.8168,1000.8394,8201.0,5723.76,120.02260000000001,0.014635117668577004,10.052535089509052,12.472126092382418,珠三角,True
深圳,2010,1106.8166,1265.2699,9581.5,6717.05,158.4532999999999,0.016537421071857215,25.65798018384755,26.42087231977479,珠三角,True
深圳,2011,1339.5728,1590.5599,11505.5298,7427.64,250.98710000000005,0.021814475679338127,21.029337651784385,25.70913921211593,珠三角,True
深圳,2012,1482.0803,1565.7078,12950.1,8389.06,83.62749999999983,0.006457672141527851,10.638279606752254,-1.5624749498588608,珠三角,True
深圳,2013,1731.2618,1690.828,14500.2302,9289.37,-40.43380000000002,-0.002788493661293737,16.81295541139032,7.991286752227977,珠三角,True
深圳,2014,2082.44,2166.14,16001.8207,9974.01,83.69999999999982,0.005230654784177142,20.284523114874943,28.111197590766167,珠三角,True
深圳,2015,2726.8543,3521.6708,17502.8634,9680.24,794.8164999999999,0.0454106554930892,30.945155682756752,62.578171309333655,珠三角,True
深圳,2016,3136.4923,4211.0429,19492.6012,10391.14,1074.5506000000005,0.05512607522078687,15.022364781279297,19.575143139443952,珠三角,True
深圳,2017,3332.1303,4593.8003,22490.0586,10837.59,1261.67,0.05609900900836248,6.237477452120643,9.089373086177766,珠三角,True
深圳,2018,3538.4054,4282.5379,24221.9771,13478.94,744.1325000000002,0.030721377405645393,6.190487208738515,-6.775705944378984,珠三角,True
深圳,2019,3773.3831,4552.7336,26927.0,16010.77,779.3504999999996,0.028943086864485445,6.6407794878450055,6.3092424704519035,珠三角,True
深圳,2020,3857.3887,4177.7162,27670.0,18674.43,320.3274999999999,0.011576707625587273,2.226267457444231,-8.23719182690592,珠三角,True
深圳,2021,4257.6972,4570.2233,30664.85,20532.31,312.52610000000004,0.010191672224061102,10.377707074218367,9.395255235384337,珠三角,True
深圳,2022,4012.439,4997.3834,32387.68,24610.06,984.9443999999999,0.030411082238678406,-5.760348575281482,9.346591445542707,珠三角,True
深圳,2023,4112.7833,5012.067,34606.0,27342.4,899.2837,0.025986352077674392,2.5008305422213217,0.29382576489929146,珠三角,True
深圳,2024,3914.1809,4700.8708,36801.87,30759.0629,786.6898999999999,0.021376356690570336,-4.8289050385902925,-6.208939345782893,珠三角,True
石家庄,2006,77.3736,128.2462,2026.632,1553.2427,50.87259999999999,0.02510204121912611,,,其他,False
石家庄,2007,95.872,163.1692,2360.723,1694.7183,67.29719999999999,0.02850702941429384,23.907896233340576,27.231216207575738,其他,False
石家庄,2008,110.0366,193.7869,2838.3712,2180.1686,83.7503,0.029506464834479718,14.77449098798398,18.764386906352428,其他,False
石家庄,2009,125.9614,240.9171,3001.0,2567.4597,114.95570000000001,0.0383057980673109,14.472275588304239,24.320632612421168,其他,False
石家庄,2010,163.6303,305.1647,3401.0,2920.3989,141.53439999999998,0.041615524845633634,29.905113788827386,26.66792851150872,其他,False
石家庄,2011,221.2284,403.5381,4082.6833,3243.5792,182.3097,0.044654382082489716,35.20014324975263,32.23616624072181,其他,False
石家庄,2012,272.2764,464.0932,4500.2,3735.4986,191.8168,0.04262406115283765,23.074795098640145,15.006042799923991,其他,False
石家庄,2013,315.1233,522.9442,4863.6583,4157.597,207.82090000000005,0.0427293381198264,15.736545657280598,12.680858069025792,其他,False
石家庄,2014,343.4745,566.4878,5170.2653,4387.6724,223.01330000000002,0.04313382139210536,8.99685932458818,8.326624523228276,其他,False
石家庄,2015,375.0529,682.3857,5440.5988,4868.9313,307.3328,0.05648878208038425,9.193812058828254,20.459028420382587,其他,False
石家庄,2016,410.7238,746.1188,5927.7293,5348.2,335.395,0.056580687650497126,9.510898329275674,9.339747301269629,其他,False
石家庄,2017,460.8886,806.7284,6460.8848,5641.6176,345.83979999999997,0.05352824120931548,12.213755326572272,8.12331762716607,其他,False
石家庄,2018,519.6778,991.6127,6082.618,6473.2492,471.93489999999997,0.07758746316142161,12.75562033862414,22.91778744866302,其他,False
石家庄,2019,569.1283,1051.3884,5810.0,7630.0235,482.2601000000001,0.08300518072289158,9.515607555296747,6.028129732505438,其他,False
石家庄,2020,632.1928,1142.2265,5935.0,8774.5821,510.03369999999995,0.08593659646166807,11.080893359195109,8.639823304118632,其他,False
石家庄,2021,681.358,1152.7442,6490.3,9858.0445,471.38620000000014,0.07262933916768102,7.776931341198434,0.9208068627369448,其他,False
石家庄,2022,692.1599,1250.4267,7100.64,11671.0564,558.2668,0.07862203970346335,1.5853486713299114,8.473909476187336,其他,False
石家庄,2023,737.8942,1274.8334,7534.0,13553.9678,536.9392,0.0712688080700823,6.607476104871135,1.9518697097558713,其他,False
石家庄,2024,746.0773,1274.6883,8203.44,14831.0448,528.611,0.06443772368664852,1.108980122082559,-0.011381879389094074,其他,False
福州,2006,115.6184,110.0589,1664.0515,1311.3823,-5.5595,-0.0033409422725198105,,,其他,False
福州,2007,146.5641,143.0922,1974.5818,1375.3667,-3.471900000000005,-0.0017582963643238306,26.765376445271684,30.0142014866585,其他,False
福州,2008,168.8559,178.1952,2284.1602,1709.8954,9.339300000000009,0.004088723724369249,15.20959088890117,24.531735482437213,其他,False
福州,2009,195.2612,205.0925,2604.0,2048.2724,9.831299999999999,0.003775460829493087,15.637771614731854,15.09428985741479,其他,False
福州,2010,247.8206,262.4208,3123.4,2329.0905,14.600199999999973,0.004674457322148932,26.917482838372408,27.95241171666443,其他,False
福州,2011,320.0356,363.3008,3736.3796,2550.7706,43.26519999999999,0.011579444444028114,29.14003113542618,38.44207471358978,其他,False
福州,2012,382.0151,410.7344,4218.3,2939.4605,28.719299999999976,0.00680826399260365,19.36643923363526,13.056288342882816,其他,False
福州,2013,453.969,533.8424,4678.4951,3296.6518,79.8734,0.017072455627879145,18.835354937540426,29.972653860986576,其他,False
福州,2014,510.8707,574.8081,5169.1647,3483.7219,63.93739999999997,0.01236900035319052,12.534269961164757,7.673744161198126,其他,False
福州,2015,560.4635,725.9345,5618.0844,3685.2348,165.471,0.029453277704407574,9.707505245456428,26.291626718551807,其他,False
福州,2016,598.9113,829.9274,6197.6395,4087.5352,231.01610000000005,0.037274852788710934,6.860000695852642,14.32538335070177,其他,False
福州,2017,634.1633,938.8572,7103.4,4385.2958,304.6939,0.04289409296956387,5.886013504837884,13.125220350599331,其他,False
福州,2018,680.3797,924.7552,7856.8123,5053.2878,244.3755,0.031103644922254283,7.28777587728584,-1.5020388617140168,其他,False
福州,2019,668.076,949.7604,9392.0,6027.1085,281.6844,0.029991950596252127,-1.8083578919241616,2.703980469642131,其他,False
福州,2020,675.6083,951.4035,10020.0,6951.5398,275.7952,0.027524471057884234,1.1274615462911308,0.17300152754315956,其他,False
福州,2021,749.847,925.2559,11324.48,7493.0416,175.40890000000002,0.015489355802650543,10.988423321619933,-2.7483186681571015,其他,False
福州,2022,698.5234,1006.0892,12308.23,9029.0756,307.56579999999997,0.02498862955924613,-6.844542953429156,8.73631824449863,其他,False
福州,2023,754.0813,1004.904,12928.0,10414.6443,250.82269999999994,0.01940150835396039,7.95362045136927,-0.11780267594563298,其他,False
福州,2024,750.4953,1025.4841,14236.76,11461.162,274.98879999999986,0.019315406033395228,-0.4755455413096743,2.047966770955223,其他,False
西宁,2006,14.1598,34.3058,281.6093,272.7921,20.145999999999997,0.07153883057129148,,,其他,False
西宁,2007,18.4123,45.0463,342.4581,297.0909,26.634000000000004,0.07777301807140787,30.032203844687054,31.3081169947939,其他,False
西宁,2008,23.4468,67.2512,422.1885,395.6199,43.8044,0.10375554994984469,27.343134752312316,49.29350468295952,其他,False
西宁,2009,28.1495,85.1191,501.0,480.2171,56.9696,0.11371177644710578,20.05689475749357,26.568893937952055,其他,False
西宁,2010,34.5219,108.9186,628.3,576.1104,74.3967,0.11840951774629954,22.63770226824633,27.960234541953554,其他,False
西宁,2011,45.2473,150.0435,770.7043,680.0622,104.7962,0.1359745884381338,31.06839426566903,37.75746291267057,其他,False
西宁,2012,54.767,185.323,851.1,823.1474,130.556,0.15339678063682294,21.039266431367174,23.512847940763848,其他,False
西宁,2013,67.1138,207.5698,978.5314,972.5048,140.456,0.1435375502513256,22.544232840944357,12.004338371383994,其他,False
西宁,2014,83.8821,248.1367,1065.7811,1093.0883,164.25459999999998,0.1541166380225733,24.984876433758775,19.543739021765205,其他,False
西宁,2015,94.7861,280.0252,1131.6193,1160.3297,185.23909999999998,0.16369383236924287,12.999197683415197,12.851182432908947,其他,False
西宁,2016,75.2163,287.805,1248.1677,1267.1813,212.58870000000002,0.17032062278169835,-20.646276194505308,2.778249957503842,其他,False
西宁,2017,79.1623,288.3747,1284.9081,1339.1882,209.2124,0.1628228509105048,5.246203283064976,0.19794652629385734,其他,False
西宁,2018,92.9435,297.4766,1286.4137,1436.7707,204.53310000000002,0.15899480859073564,17.408791811253586,3.156275498509409,其他,False
西宁,2019,101.7897,328.0436,1328.0,1548.9274,226.25390000000004,0.17037191265060245,9.517825345505603,10.275430067440606,其他,False
西宁,2020,133.5075,329.5111,1373.0,1723.8793,196.0036,0.14275571740713766,31.160127203440034,0.4473490718916562,其他,False
西宁,2021,153.8668,343.8044,1548.79,1895.2041,189.93759999999997,0.12263612239231915,15.249555268430637,4.337729442194815,其他,False
西宁,2022,131.7174,339.0356,1644.35,2204.2747,207.3182,0.12607911940888497,-14.395178167089984,-1.3870677629489347,其他,False
西宁,2023,144.0917,418.7512,1801.0,2512.7646,274.6595,0.15250388672959467,9.394582644358307,23.51245709890053,其他,False
西宁,2024,134.4576,400.9837,1862.09,2774.2893,266.5261,0.14313277016685552,-6.68608948329431,-4.2429729156597045,其他,False
西安,2006,85.8854,119.2193,1473.68,1950.5281,33.3339,0.022619496769990772,,,其他,False
西安,2007,112.9189,161.2536,1763.73,1997.56,48.33470000000001,0.02740481819779672,31.476246253728803,35.25796578238592,其他,False
西安,2008,145.6087,226.9897,2190.04,2504.41,81.381,0.037159595258534094,28.94980379723855,40.765663526271645,其他,False
西安,2009,181.3992,276.8502,2724.0,3084.2,95.45099999999996,0.0350407488986784,24.579918644971087,21.96597466757302,其他,False
西安,2010,241.8567,371.6175,3241.5,3677.77,129.76080000000002,0.040031096714484043,33.32842702724157,34.23053333535611,其他,False
西安,2011,318.5486,494.575,3864.21,4155.65,176.02639999999997,0.04555301083533244,31.709644595332698,33.087112420701395,其他,False
西安,2012,396.9597,597.4937,4366.1,4787.03,200.534,0.04592977714665261,24.615113674961986,20.80952332810999,其他,False
西安,2013,501.9751,729.8119,4884.13,5357.0459,227.83680000000004,0.04664838978487469,26.454927288588735,22.145538940410603,其他,False
西安,2014,583.7888,819.5366,5492.64,5687.4866,235.74779999999998,0.04292067202656646,16.298358225338273,12.294222662031128,其他,False
西安,2015,650.9853,917.24,5801.2,6571.1826,266.25469999999996,0.045896486933737844,11.510412669787428,11.921786043478711,其他,False
西安,2016,641.0655,942.5238,6257.18,7035.81,301.4583,0.048177981135271795,-1.5238132105287128,2.756508656404,其他,False
西安,2017,654.4997,1045.0925,7469.848,7497.2963,390.5928,0.052289256755960765,2.095604895287595,10.882345888772239,其他,False
西安,2018,684.7035,1151.8741,8349.86,8360.329,467.17060000000004,0.05594951292596523,4.6147920312263,10.21743051452384,其他,False
西安,2019,702.5624,1247.0153,9321.0,9553.929,544.4529,0.05841142581268104,2.6082676662234183,8.25968740854579,其他,False
西安,2020,724.139,1347.5804,10020.0,10913.0545,623.4414,0.0622197005988024,3.071129340255041,8.064464004571548,其他,False
西安,2021,855.999,1474.6219,10688.28,11996.543,618.6229000000001,0.05787862032057544,18.20921121497392,9.427378136399135,其他,False
西安,2022,834.0794,1569.8087,11486.51,14505.3767,735.7293000000001,0.06405159617673253,-2.560703926055996,6.454997040258248,其他,False
西安,2023,951.9208,1730.4672,12011.0,16568.7083,778.5464000000001,0.06481944883856465,14.128319198388063,10.23427249447655,其他,False
西安,2024,1002.3586,1561.8498,13317.78,18529.9052,559.4911999999999,0.04201084565145241,5.298529037289668,-9.74403906644402,其他,False
贵阳,2006,61.5798,88.2349,602.8845,582.2004,26.655099999999997,0.04421261452235046,,,其他,False
贵阳,2007,75.9154,106.4287,693.717,614.1526,30.5133,0.04398522740541172,23.27971185356239,20.619732101470056,其他,False
贵阳,2008,88.989,142.2818,811.0521,767.0527,53.2928,0.065708232553741,17.22127526167285,33.68743581383593,其他,False
贵阳,2009,105.3636,169.8423,972.0,921.9442,64.47869999999999,0.0663361111111111,18.40070121026194,19.37036219671102,其他,False
贵阳,2010,136.3034,204.3801,1121.8,1088.7001,68.07669999999999,0.060685238010340516,29.36479011727011,20.33521684527353,其他,False
贵阳,2011,187.094,277.3807,1383.0724,1251.0372,90.2867,0.06527980747790209,37.262900265143784,35.71805669925789,其他,False
贵阳,2012,241.192,349.3275,1700.3,1498.2022,108.13549999999998,0.06359789448920777,28.914877013693662,25.937925746095523,其他,False
贵阳,2013,277.2077,393.602,2085.4234,1827.1371,116.39429999999999,0.05581327034116908,14.93237752495935,12.674209731555619,其他,False
贵阳,2014,331.5962,448.6298,2497.2691,2010.5843,117.03359999999998,0.0468646330505591,19.62012599217122,13.980569204424786,其他,False
贵阳,2015,374.1,503.5189,2891.16,2250.6008,129.41889999999995,0.0447636588774056,12.817939409438361,12.234831480209296,其他,False
贵阳,2016,366.3181,525.2621,3157.7001,2229.76,158.94400000000002,0.050335369087140355,-2.0801657310879462,4.3182490269978,其他,False
贵阳,2017,377.8473,582.4776,3537.9637,2646.0865,204.63030000000003,0.05783843966516673,3.147319228834178,10.892752399230776,其他,False
贵阳,2018,411.3402,624.2193,3798.4538,2835.739,212.8791,0.05604361964334014,8.864136385254028,7.166232658560601,其他,False
贵阳,2019,417.261,718.8224,4040.0,3164.123,301.5614,0.07464391089108911,1.4393925028480137,15.155426946907923,其他,False
贵阳,2020,398.1279,678.1587,4312.0,3634.5806,280.03079999999994,0.06494220779220777,-4.585403380617892,-5.656988429965459,其他,False
贵阳,2021,403.7174,633.4063,4711.03,4008.7621,229.6889,0.04875555876315795,1.4039458174119446,-6.599104309949865,其他,False
贵阳,2022,402.1565,727.4549,4921.17,4646.4826,325.29839999999996,0.06610184163522088,-0.38663183702263293,14.848068293605543,其他,False
贵阳,2023,446.2045,778.6135,5155.0,5195.819,332.40900000000005,0.06448283220174589,10.952949908804154,7.032545935150081,其他,False
贵阳,2024,434.0855,693.0532,5777.41,5664.6213544937,258.9676999999999,0.044824185924142466,-2.716019224369093,-10.98880253167972,其他,False
郑州,2006,176.0266,187.6587,2013.4777,1620.7242,11.632100000000008,0.005777118862553088,,,其他,False
郑州,2007,219.5183,240.6758,2486.747,1658.7095,21.1575,0.008508103156452989,24.707458986312304,28.251874280275846,其他,False
郑州,2008,260.3899,289.5018,3003.9925,2067.2209,29.11189999999999,0.009691069468382493,18.618766635856776,20.287041738305224,其他,False
郑州,2009,301.9248,353.0483,3308.0,2511.1685,51.12349999999998,0.015454504232164443,15.951041111809626,21.950295300409174,其他,False
郑州,2010,386.804,426.7968,4040.9,2911.0048,39.992800000000045,0.009897003142864224,28.112695611622485,20.88906815299778,其他,False
郑州,2011,502.3175,566.5806,4979.8455,3252.145,64.26310000000001,0.012904637302502658,29.86357431670821,32.75183881416168,其他,False
郑州,2012,606.6488,700.698,5549.8,3845.4564,94.04919999999993,0.01694641248333272,20.76999109129187,23.67137173422458,其他,False
郑州,2013,723.6091,816.1571,6201.9,4475.3233,92.548,0.014922523742724006,19.27973812855146,16.477726495580125,其他,False
郑州,2014,833.8761,918.5111,6776.989,4839.2619,84.6350000000001,0.012488584532157291,15.238476133039214,12.540967909241996,其他,False
郑州,2015,942.8968,1106.0158,7311.521,5695.4874,163.11899999999991,0.022309858646374664,13.073968662730584,20.41398302099995,其他,False
郑州,2016,1011.1833,1321.5255,8113.9666,6297.6278,310.34219999999993,0.038247902080346244,7.242202964311684,19.48522796871437,其他,False
郑州,2017,1056.6713,1514.9533,9130.2,6538.2301,458.2819999999999,0.05019408118113512,4.498492014256961,14.636705837306963,其他,False
郑州,2018,1152.0568,1763.3376,10143.3173,7157.3151,611.2808,0.06026438707581394,9.026979345421804,16.39550869323827,其他,False
郑州,2019,1222.5346,1910.6727,11590.0,7957.0399,688.1381000000001,0.05937343399482314,6.117562953493261,8.355467495277136,其他,False
郑州,2020,1259.2106,1720.18,12004.0,8961.7757,460.96939999999995,0.03840131622792402,2.999996891703538,-9.969928392235882,其他,False
郑州,2021,1223.628,1624.4403,12691.02,9829.9429,400.81230000000005,0.0315823550825702,-2.825786250528717,-5.565679173109794,其他,False
郑州,2022,1130.7855,1456.408,12934.7,11393.4867,325.62249999999995,0.02517433724786813,-7.587477566711454,-10.344012026788551,其他,False
郑州,2023,1165.8481,1519.6232,13618.0,12886.0729,353.77510000000007,0.025978491702158914,3.1007295371226373,4.340487006388316,其他,False
郑州,2024,1155.038,1525.7095,14532.07,14353.2313,370.6714999999999,0.025507136973603895,-0.927230571461235,0.4005137589370822,其他,False
重庆,2006,317.7165,594.2543,3949.0,2949.05,276.53779999999995,0.07002729805013926,,,其他,False
重庆,2007,442.7,768.3886,4837.5,3228.19,325.6886,0.06732580878552971,39.338057670911006,29.302993684690225,其他,False
重庆,2008,577.5738,1016.0112,5978.8,3988.96,438.4374,0.07333200642269352,30.466184775242834,32.226219910081966,其他,False
重庆,2009,655.1701,1292.0928,6744.1,4908.7,636.9226999999998,0.09444146735665246,13.434871872650733,27.17308628093862,其他,False
重庆,2010,952.0745,1709.0353,8186.5,5839.6576275277,756.9608000000001,0.09246452085750932,45.317147409504784,32.26877357415816,其他,False
重庆,2011,1488.33,2570.24,10314.1,6990.2463550016,1081.9099999999999,0.10489621004256308,56.32495146125645,50.39127629487816,其他,False
重庆,2012,1703.4885,3046.3599,11797.8,8361.6,1342.8714,0.11382388241875604,14.456370562979991,18.52433624875498,其他,False
重庆,2013,1693.2438,3062.2848,13275.8,9622.3098592063,1369.041,0.1031230509649136,-0.6013953132058103,0.5227517602237386,其他,False
重庆,2014,1922.0159,3304.3884,14911.7,10774.1,1382.3724999999997,0.0927038835276997,13.510877760190244,7.905979221788906,其他,False
重庆,2015,2154.83,3791.9973,16305.9,12207.2838,1637.1673,0.10040336933257288,12.113016338730587,14.75640393847164,其他,False
重庆,2016,2227.91,4001.81,18271.1,13399.4384,1773.9,0.0970877506006754,3.391450833708465,5.533039277216778,其他,False
重庆,2017,2252.3788,4336.28,20260.8,14367.3801,2083.9012,0.1028538458501145,1.0982849396968586,8.357968019471173,其他,False
重庆,2018,2265.5421,4540.9487,21866.8,15907.2272,2275.4066,0.10405759416101121,0.5844176832067616,4.719914304426842,其他,False
重庆,2019,2134.9326,4847.6795,23689.6,17860.3966,2712.7469,0.11451214456976902,-5.765044048397949,6.754773512416046,其他,False
重庆,2020,2094.8541,4893.9461,25158.1,20209.8,2799.092,0.11126007130904163,-1.8772723785284828,0.9544071550109612,其他,False
重庆,2021,2285.4533,4835.0551,28092.5,22239.893,2549.6017999999995,0.09075738364332116,9.09844747660471,-1.203343861919537,其他,False
重庆,2022,2103.4234,4892.7688,28771.8,25459.0,2789.3453999999997,0.09694719829833377,-7.964717546405343,1.1936513401884508,其他,False
重庆,2023,2440.77,5304.56,30614.3,28899.0,2863.7900000000004,0.09354419339981644,16.037978849146572,8.416322471644278,其他,False
重庆,2024,2595.5465,5621.2108,32046.7,31881.9407,3025.6643,0.09441422361740834,6.341298032997789,5.969407453210063,其他,False
银川,2006,23.612,36.1239,335.2918,306.3847,12.5119,0.03731645092423972,,,其他,False
银川,2007,27.6384,48.4708,408.6009,326.4143,20.832399999999996,0.050984713934795534,17.05234626461123,34.17931065028969,其他,False
银川,2008,35.811,63.043,514.1138,423.1523,27.232,0.05296881740968634,29.569729072594654,30.06387350734876,其他,False
银川,2009,44.0581,72.4989,578.0,519.4029,28.440800000000003,0.04920553633217994,23.029516070481137,14.999127579588546,其他,False
银川,2010,64.0368,119.9157,769.4,634.4542,55.8789,0.07262659214972707,45.346258690229476,65.40347508720821,其他,False
银川,2011,96.6202,147.2515,986.6761,725.2604,50.631299999999996,0.05131501614359565,50.88230517452465,22.79584741614318,其他,False
银川,2012,113.132,186.7446,1150.9,901.4685,73.61259999999999,0.06396090016508818,17.0893871053879,26.820168215603914,其他,False
银川,2013,134.5999,220.5311,1289.0199,1015.222,85.93120000000002,0.06666398245674875,18.975974967294817,18.09235715517343,其他,False
银川,2014,153.5998,263.9036,1388.6244,1089.8949,110.3038,0.07943386274935109,14.115835152923584,19.667294091400244,其他,False
银川,2015,171.2788,309.2658,1493.859,1304.971,137.98700000000002,0.09236949404194106,11.509780611693499,17.18892807828314,其他,False
银川,2016,173.196,331.0717,1617.7071,1391.3467,157.87570000000002,0.09759226500273134,1.1193446007328411,7.050860457250696,其他,False
银川,2017,177.4561,341.8283,1803.2581,1496.9408,164.37220000000002,0.09115289708112223,2.4596988383103424,3.249024305007042,其他,False
银川,2018,173.2544,363.2756,1901.4824,1664.8,190.0212,0.0999331889687751,-2.3677405285025377,6.274290338161004,其他,False
银川,2019,154.7084,346.4668,1897.0,1867.0136,191.75839999999997,0.10108508170795992,-10.704490044697268,-4.627010457074466,其他,False
银川,2020,157.2599,332.3605,1964.0,2137.4756,175.10060000000001,0.08915509164969451,1.6492317159249037,-4.071472360410866,其他,False
银川,2021,171.1877,291.6915,2262.95,2323.502,120.50380000000001,0.05325075675556244,8.856548935869867,-12.236411968329563,其他,False
银川,2022,168.8603,356.5547,2535.63,2693.8748,187.69440000000003,0.07402278723630815,-1.3595602955118968,22.236918113829173,其他,False
银川,2023,197.7591,438.1513,2686.0,3114.7299,240.3922,0.08949821295606851,17.114028578653475,22.884735497807206,其他,False
银川,2024,208.4427,444.4561,2939.53,3452.7456,236.0134,0.080289502063255,5.402330411091083,1.4389549911183686,其他,False
长春,2006,71.5908,146.6748,1741.1922,1174.5969,75.084,0.04312217801113513,,,其他,False
长春,2007,93.2951,181.5633,2089.0859,1202.0796,88.2682,0.04225206823711748,30.31716365790018,23.786294578209755,其他,False
长春,2008,119.0315,240.3306,2561.8985,1507.3851,121.29910000000001,0.04734734807019092,27.586014699593008,32.367389224584485,其他,False
长春,2009,142.6506,306.0062,2849.0,1834.1564,163.35559999999998,0.05733787293787293,19.842730705737566,27.327190128930724,其他,False
长春,2010,180.8461,382.9323,3329.0,2062.7232,202.0862,0.06070477620907179,26.775562107695315,25.138739019013357,其他,False
长春,2011,288.6312,518.6814,4003.0775,2337.7846,230.05020000000007,0.057468335299528946,59.6004558572178,35.44989545149366,其他,False
长春,2012,340.8021,555.5117,4456.6,2767.3822,214.70960000000002,0.04817789346138312,18.075280842819485,7.100755878271325,其他,False
长春,2013,381.8178,632.9668,5003.1808,3107.1578,251.14900000000006,0.05019786612548562,12.035049079803194,13.94301866189318,其他,False
长春,2014,397.3249,675.8377,5342.4262,3380.1096,278.5128,0.05213226904285548,4.061387394720728,6.773009263677032,其他,False
长春,2015,388.2213,765.7246,5530.0345,3792.78,377.5033,0.068264185331936,-2.291223127470754,13.300071895959631,其他,False
长春,2016,415.4853,770.5743,5986.42,4218.0932,355.089,0.05931575131714781,7.02279859451298,0.6333478119940228,其他,False
长春,2017,450.0818,875.7334,6530.0308,4566.9938,425.6516,0.0651837047996772,8.326768720818766,13.646847552533226,其他,False
长春,2018,478.0141,894.3429,7175.7117,4993.2387,416.3288,0.05801916484465228,6.2060496558625555,2.1250188698980876,其他,False
长春,2019,420.0168,896.022,5904.0,5889.0932,476.00520000000006,0.08062418699186993,-12.132968462645765,0.1877467803456767,其他,False
长春,2020,440.4297,1084.1364,6638.0,6896.3,643.7067000000001,0.09697298885206389,4.860019884918887,20.994395226902917,其他,False
长春,2021,617.0888,966.4851,7103.1,8257.5256,349.3963,0.04918926947389168,40.11062378400003,-10.852075439953879,其他,False
长春,2022,459.6907,976.6704,6744.56,9465.2773,516.9797,0.07665136050387274,-25.506555944622555,1.0538496661769425,其他,False
长春,2023,576.5154,1074.9675,7002.0,10750.1428,498.4521,0.07118710368466152,25.41376190555955,10.064511016203625,其他,False
长春,2024,427.4842,1056.2112,7632.19,11746.7608,628.727,0.08237832129441222,-25.850341552020993,-1.7448248435417812,其他,False
长沙,2006,132.8345,167.1873,1798.9572,1093.04,34.3528,0.019095951810304327,,,其他,False
长沙,2007,174.5761,218.1733,2190.2548,1177.17,43.597200000000015,0.019905081363136387,31.423764157654844,30.496335547018226,其他,False
长沙,2008,205.5699,260.5584,3000.9795,1494.9281,54.988500000000016,0.018323517371578186,17.753747506101924,19.427262639378885,其他,False
长沙,2009,246.33,314.082,3745.0,1881.3226,67.75199999999998,0.018091321762349795,19.827854175149184,20.541882357275743,其他,False
长沙,2010,314.2836,403.3349,4547.1,2172.0771,89.05130000000003,0.019584196520859454,27.58640847643403,28.417069427729057,其他,False
长沙,2011,425.7827,520.8876,5619.3285,2526.9331,95.10490000000004,0.0169246022901135,35.47722502860473,29.14518431209401,其他,False
长沙,2012,490.6482,624.6207,6399.9,2981.31,133.97250000000008,0.020933530211409566,15.234414174178523,19.91468024963543,其他,False
长沙,2013,536.6331,701.8238,7153.1346,3482.97,165.1907,0.023093470099108716,9.372275288078114,12.359997035000593,其他,False
长沙,2014,632.7992,802.3838,7824.8074,3866.7891,169.5845999999999,0.021672686793543304,17.920269919988165,14.328382708024435,其他,False
长沙,2015,718.9468,924.9992,8510.1328,4348.5503,206.05239999999992,0.02421259513130041,13.61373402494821,15.281390277321162,其他,False
长沙,2016,743.6954,1041.4331,9356.9088,4868.6355,297.7377,0.03182009212273182,3.44234093537934,12.587459535100143,其他,False
长沙,2017,800.3456,1182.6043,10535.5072,5200.2123,382.2587,0.03628289485673741,7.617392819694735,13.555474662750777,其他,False
长沙,2018,879.7072,1300.7895,11003.4116,5692.0847,421.08230000000015,0.038268340339099934,9.915916324147966,9.993638616061196,其他,False
长沙,2019,950.229,1425.981,11574.0,6530.5194,475.75199999999995,0.04110523587350959,8.016508220007768,9.624270491113274,其他,False
长沙,2020,1100.091,1501.2319,12143.0,7501.6412,401.1409000000001,0.033034744297125926,15.771145692248911,5.277132023498199,其他,False
长沙,2021,1188.3057,1541.5932,13270.7,8245.94,353.28750000000014,0.026621617548433778,8.018854803829868,2.688545320679636,其他,False
长沙,2022,1202.0004,1566.2586,13966.11,9703.3929,364.2582,0.026081578907798948,1.1524559715568206,1.5999940840423887,其他,False
长沙,2023,1227.0734,1626.8337,14332.0,11132.3522,399.7602999999999,0.027892848171922963,2.085939405677406,3.867503105808967,其他,False
长沙,2024,1264.5415,1663.9383,15268.78,12423.8513,399.3968,0.026157741482947555,3.0534522221735028,2.2807862905716902,其他,False
青岛,2006,225.9904,236.7875,3206.58,1567.6197,10.7971,0.003367170006673777,,,其他,False
青岛,2007,292.8037,321.1777,3786.5156,1702.0383,28.374000000000024,0.0074934327485670525,29.564662923734808,35.639634693554356,其他,False
青岛,2008,342.4359,369.4111,4436.18,2123.3637,26.975199999999973,0.006080727112064878,16.950673779054014,15.01766778951339,其他,False
青岛,2009,377.0086,433.5754,4854.0,2527.8658,56.5668,0.011653646477132263,10.09610849796998,17.369348132744268,其他,False
青岛,2010,452.6138,532.3888,5666.2,2912.3256,79.77499999999992,0.014079100631816725,20.05397224360399,22.79036126127081,其他,False
青岛,2011,566.14,658.0605,6615.6,3198.5099,91.92050000000006,0.013894506923030422,25.08235497901301,23.60524864535094,其他,False
青岛,2012,670.182,765.9801,7302.1,3757.6007,95.79809999999998,0.013119253365470204,18.377433143745357,16.39964714490536,其他,False
青岛,2013,788.9313,1014.2273,8006.6,4140.5946,225.29600000000005,0.028138785501960886,17.718962908583038,32.409092612197114,其他,False
青岛,2014,895.245,1074.7138,8692.1,4435.8964,179.4688,0.020647346441021154,13.475660047966166,5.963801211030306,其他,False
青岛,2015,1006.322,1222.8664,9300.07,5023.5905,216.5444000000001,0.023284168828836785,12.407441538349829,13.785307306931394,其他,False
青岛,2016,1100.0303,1352.8516,10011.29,5326.3262,252.82130000000006,0.02525361866452775,9.311959790206314,10.62955037443174,其他,False
青岛,2017,1157.2389,1403.0252,11037.28,5394.1843,245.78629999999998,0.02226873831233782,5.200638564228655,3.7087290283723817,其他,False
青岛,2018,1231.9138,1559.7764,12001.52,5913.7089,327.86259999999993,0.02731842299975336,6.4528508331339385,11.172372385043406,其他,False
青岛,2019,1241.7359,1575.9729,11741.0,6755.237,334.2370000000001,0.028467507026658723,0.7973041620282117,1.0383860148159618,其他,False
青岛,2020,1253.8548,1584.6485,12401.0,8030.9469,330.79369999999994,0.02667476009999193,0.9759643737448753,0.5504916994448328,其他,False
青岛,2021,1368.2971,1706.7635,14136.0,9028.2352,338.4664,0.023943576683644597,9.127237061260995,7.706125364710226,其他,False
青岛,2022,1273.3096,1696.1652,14920.75,10948.2351,422.85559999999987,0.028340103547073697,-6.942023044556622,-0.6209589084838152,其他,False
青岛,2023,1337.8595,1718.7995,15760.0,12758.5665,380.94000000000005,0.02417131979695432,5.069458362679424,1.3344395935018794,其他,False
青岛,2024,1339.2553,1720.4231,16719.46,14168.1378,381.16779999999994,0.022797853519192602,0.10433083593606174,0.0944612795151345,其他,False
