city,year,income,expend,deposit,gdp
上海,2006,1576.0742,1795.566,8730.0,10825.4
上海,2007,2074.4792,2181.678,8745.22,13179.8
上海,2008,2358.7464,2593.9161,11464.15,14877.1
上海,2009,2540.2975,2989.65,13707.32,16181.4
上海,2010,2873.584,3302.8862,15650.2391213502,18319.6
上海,2011,3429.83,3914.88,17288.4547267085,20406.1
上海,2012,3743.7053,4184.017,19506.7,21774.9
上海,2013,4109.5086,4528.6079,20486.2536071674,23809.4
上海,2014,4585.5534,4923.4372,21269.3,25964.5
上海,2015,5519.5,6191.5601,23384.7295,27821.6
上海,2016,6406.13,6918.94,23639.8015,30963.9
上海,2017,6642.2638,7547.6208,24338.48,34378.3
上海,2018,7108.148,8351.5376,27071.74,37769.1
上海,2019,7165.0984,8179.284,31727.73,40241.2
上海,2020,7046.2987,8102.112,36733.9728,41603.9
上海,2021,7771.8002,8430.8562,41150.4,47059.4
上海,2022,7608.0,9393.0,52638.0,48594.5
上海,2023,8312.5,9638.51,58319.9286,51404.5
上海,2024,8374.1665,9874.8381,63910.9863,53759.5
乌鲁木齐,2006,57.0356,49.5342,678.16,654.3019
乌鲁木齐,2007,73.4279,68.3153,679.53,820.28
乌鲁木齐,2008,100.98,99.35,872.22,1020.3488
乌鲁木齐,2009,113.538,133.8811,1040.707,1095.0
乌鲁木齐,2010,147.9938,159.6108,1242.8526,1338.5
乌鲁木齐,2011,229.5887,238.4851,1470.3412,1690.0347
乌鲁木齐,2012,252.0052,295.6004,1715.9659,2004.1
乌鲁木齐,2013,301.9047,353.2024,1896.3048,2202.8545
乌鲁木齐,2014,340.6243,404.8053,1974.84,2461.4698
乌鲁木齐,2015,368.6663,446.6619,2157.3093,2631.6398
乌鲁木齐,2016,369.6734,417.5628,2295.6888,2458.9766
乌鲁木齐,2017,400.7781,458.5812,2600.3858,2743.8202
乌鲁木齐,2018,458.2753,659.7858,2871.1134,3099.7659
乌鲁木齐,2019,472.4647,620.2786,3171.7101,3413.0
乌鲁木齐,2020,392.6378,536.8738,3680.2754,3337.0
乌鲁木齐,2021,377.926,419.5874,4027.8586,3691.57
乌鲁木齐,2022,314.8203,455.7678,4647.5182,3893.22
乌鲁木齐,2023,369.7888,504.0517,5305.9981,4168.0
乌鲁木齐,2024,371.3048,465.5229,5905.76,4502.16
兰州,2006,33.1417,63.1321,687.7518,638.4705
兰州,2007,46.6256,83.2982,649.6569,732.7581
兰州,2008,50.8618,99.6601,823.83,846.2811
兰州,2009,57.0385,119.8342,1089.9721,926.0
兰州,2010,72.7579,146.9264,1295.9451,1100.4
兰州,2011,86.4897,175.4806,1480.1626,1360.0299
兰州,2012,103.7303,202.5976,1743.1811,1563.8
兰州,2013,124.4956,242.3426,2021.5573,1776.2823
兰州,2014,152.3299,280.1041,2262.9407,2000.9389
兰州,2015,185.1917,344.0019,2608.5399,2095.992
兰州,2016,215.4794,424.1597,2796.2448,2264.2318
兰州,2017,234.2001,429.3614,2949.2658,2523.5441
兰州,2018,253.3169,465.6417,3244.0812,2732.9373
兰州,2019,233.2261,456.6617,3571.176,2837.0
兰州,2020,247.131,486.2409,3859.627,2887.0
兰州,2021,276.7279,484.589,4082.9699,3231.29
兰州,2022,220.9765,498.7969,4569.2581,3343.5
兰州,2023,255.3279,502.9172,5130.1717,3487.0
兰州,2024,251.9062,547.6361,5639.5427,3742.25
北京,2006,1117.1514,1296.8389,8705.6,8618.9
北京,2007,1492.638,1649.5023,9155.34,10730.4
北京,2008,1837.3238,1959.2857,11952.84,12167.6
北京,2009,2026.8089,2319.3658,14672.1,13335.7
北京,2010,2353.9301,2717.3174,17003.1121859824,15420.2
北京,2011,3006.28,3245.23,19126.1369907331,17653.3
北京,2012,3314.934,3685.3076,21644.9,19568.3
北京,2013,3661.1097,4173.6563,23086.4149916846,21746.0
北京,2014,4027.1609,4524.669,24158.4,23577.5
北京,2015,4723.86,5737.7011,23913.967,26034.1
北京,2016,5081.26,6406.77,28012.0329,28438.7
北京,2017,5430.7875,6824.5284,28962.2,31325.9
北京,2018,5785.9176,7471.4332,34018.9631,35161.4
北京,2019,5817.0994,7408.1876,37309.675,37767.0
北京,2020,5483.8866,7116.1764,42888.765,38503.6
北京,2021,5932.308,7205.1201,47184.3121,44350.7
北京,2022,5714.3583,7469.1547,56915.7573,45222.4
北京,2023,6181.1,7971.25,64020.3563,47353.7
北京,2024,6372.6778,8396.486,70398.146,49670.2
南京,2006,246.4392,262.4614,1834.88,2773.78
南京,2007,330.1883,342.9386,1951.1599,3283.73
南京,2008,386.56,404.6656,2505.3308,3775.0
南京,2009,434.508,461.2662,3056.3486,4230.0
南京,2010,518.8008,542.1812,3511.85,5130.7
南京,2011,635.0018,666.2056,3910.2037,6145.52
南京,2012,733.0168,769.6569,4465.37,7201.6
南京,2013,831.3076,850.9085,4883.29,8011.78
南京,2014,903.489,921.2047,5055.7718,8820.75
南京,2015,1020.03,1045.57,5535.5266,9720.77
南京,2016,1142.6,1173.84,5894.468,10503.02
南京,2017,1271.9111,1354.0873,6019.7012,11715.1
南京,2018,1470.0152,1532.7156,6914.8437,12820.4
南京,2019,1580.03,1658.07,8299.64,14031.0
南京,2020,1637.7,1754.619,9499.2456,14818.0
南京,2021,1729.518,1817.728,10636.7754,16356.0
南京,2022,1558.2064,1828.6941,13078.0479,16907.85
南京,2023,1619.9827,1838.6959,15228.9498,17421.0
南京,2024,1596.0247,1705.2595,17091.8481,18500.81
南宁,2006,56.6221,93.0781,681.4522,870.1481
南宁,2007,70.151,118.0007,714.7919,1069.0099
南宁,2008,191.1682,166.083,88.6542,1316.2137
南宁,2009,120.4628,203.5519,1116.1975,1525.0
南宁,2010,156.0958,261.2785,1375.8853,1800.3
南宁,2011,186.2924,302.3075,1581.0297,2211.4
南宁,2012,229.7183,376.5096,1863.8024,2503.2
南宁,2013,256.2469,418.3976,2321.1576,2803.5444
南宁,2014,274.8517,465.7759,2529.8556,3148.2973
南宁,2015,297.0501,526.7231,2700.3678,3410.0859
南宁,2016,312.7921,586.9793,2924.5457,3703.33
南宁,2017,332.15,646.3707,3176.6881,4118.8292
南宁,2018,358.956,697.9853,3542.8272,4026.9053
南宁,2019,370.9283,789.1986,3960.3083,4507.0
南宁,2020,372.2519,819.8554,4415.3458,4726.0
南宁,2021,392.0,778.0,4878.7971,5120.94
南宁,2022,392.6795,838.9332,5521.8223,5218.35
南宁,2023,400.8778,816.4829,6117.1299,5469.0
南宁,2024,381.1575,796.9934,6713.2205,5995.36
南昌,2006,68.1075,93.3749,733.8474,1183.8973
南昌,2007,87.2199,116.8596,744.5682,1389.892
南昌,2008,102.1477,148.17,955.4016,1660.0847
南昌,2009,115.8798,181.7495,1181.8238,1838.0
南昌,2010,146.465,232.0305,1417.5807,2200.1
南昌,2011,187.0259,299.3677,1603.9632,2688.8724
南昌,2012,240.0205,345.5062,1853.5679,3000.5
南昌,2013,291.9097,419.3652,2051.1635,3336.0265
南昌,2014,342.2065,473.1561,2149.3277,3667.9635
南昌,2015,389.3412,543.1789,2491.3925,4000.014
南昌,2016,402.1831,583.2565,2722.4199,4354.9927
南昌,2017,417.0774,653.1223,2869.8392,5003.1896
南昌,2018,461.7462,752.4137,3132.045,5274.6716
南昌,2019,476.9998,834.1066,3618.0632,5596.0
南昌,2020,483.8581,838.1744,4278.6505,5746.0
南昌,2021,484.8319,870.0084,4737.9847,6650.53
南昌,2022,457.678,939.0409,5750.3712,7203.5
南昌,2023,500.1818,925.5526,6641.7365,7213.0
南昌,2024,526.2059,940.0703,7516.1403,7800.37
厦门,2006,136.1653,159.1253,680.8196,1168.0229
厦门,2007,186.5262,198.6559,739.998,1387.852
厦门,2008,220.2343,238.0896,929.4447,1560.0218
厦门,2009,240.5608,268.0527,1158.0996,1737.0
厦门,2010,289.1748,306.9468,1384.666,2060.1
厦门,2011,370.7718,389.0726,1558.7417,2539.3132
厦门,2012,422.9089,460.9779,1680.1926,2817.1
厦门,2013,490.5996,516.7402,1950.1009,3018.1565
厦门,2014,543.7986,548.2525,1972.0201,3273.5772
厦门,2015,606.0967,651.1705,2050.2746,3466.0288
厦门,2016,647.9366,758.6381,2172.0007,3784.2662
厦门,2017,696.866,797.0976,2292.056,4351.7
厦门,2018,754.5412,892.4985,2610.177,4791.4131
厦门,2019,768.3751,912.977,3062.0,5995.0
厦门,2020,783.9392,976.9054,3684.3858,6384.0
厦门,2021,880.9611,1060.0015,4197.7867,7033.89
厦门,2022,883.8107,1088.7431,5213.3921,7802.66
厦门,2023,932.1359,1084.6541,5963.1828,8066.0
厦门,2024,933.3486,1059.1976,6546.1784,8589.01
合肥,2006,79.4046,102.8869,624.56,1073.76
合肥,2007,169.3175,167.0789,673.0856,1334.6102
合肥,2008,222.0776,222.2517,852.8294,1664.84
合肥,2009,180.8977,245.8575,1031.8141,2102.0
合肥,2010,259.4283,317.7157,1233.7343,2701.6
合肥,2011,338.5113,474.8895,1689.5435,3636.6
合肥,2012,389.4991,572.0987,2065.5745,4164.3
合肥,2013,438.6226,630.8885,2355.7723,4672.91
合肥,2014,500.342,698.7901,2539.4998,5157.9732
合肥,2015,571.544,772.6647,3018.5366,5660.27
合肥,2016,614.8493,859.8503,3281.2636,6274.3777
合肥,2017,655.9039,965.3444,3489.1815,7213.4476
合肥,2018,712.4862,1004.9099,4003.407,7822.9061
合肥,2019,745.9934,1122.6669,4667.2164,9409.0
合肥,2020,762.9009,1164.3459,5589.4046,10046.0
合肥,2021,844.2188,1223.7236,6394.1404,11412.8
合肥,2022,909.2546,1380.1794,7958.0409,12013.1
合肥,2023,929.6276,1411.3371,9387.1358,12674.0
合肥,2024,955.0095,1581.0585,10785.8387,13507.69
呼和浩特,2006,45.5202,75.4985,453.0845,900.0845
呼和浩特,2007,57.9618,100.5133,511.3839,1101.1331
呼和浩特,2008,82.2459,133.1795,640.5628,1316.37
呼和浩特,2009,106.7947,165.1584,775.8896,1644.0
呼和浩特,2010,126.7617,177.28,929.81,1865.7
呼和浩特,2011,151.4252,255.668,1053.68,2177.2669
呼和浩特,2012,178.6447,275.3195,1243.2682,2475.6
呼和浩特,2013,182.0177,294.8353,1414.6189,2710.39
呼和浩特,2014,211.5389,310.9084,1480.8828,2894.05
呼和浩特,2015,247.4021,360.645,1683.9561,3090.52
呼和浩特,2016,269.653,419.9738,1866.0141,3173.59
呼和浩特,2017,201.502,403.0357,1953.4119,2743.72
呼和浩特,2018,204.7198,356.7396,2174.0867,2903.5
呼和浩特,2019,203.1169,417.9245,2391.6363,2791.0
呼和浩特,2020,217.1024,438.5688,2623.7502,2801.0
呼和浩特,2021,228.9248,420.7504,2893.0958,3121.43
呼和浩特,2022,230.8711,420.9756,3372.4633,3329.1
呼和浩特,2023,238.0592,592.973,3903.7037,3802.0
呼和浩特,2024,255.1216,581.6105,3771.4489,4107.08
哈尔滨,2006,118.2934,194.6839,1563.8334,2094.0751
哈尔滨,2007,132.0495,232.3833,1541.1019,2436.8044
哈尔滨,2008,164.0056,301.2746,1916.7579,2868.1851
哈尔滨,2009,193.3598,348.4127,2249.5467,3175.0
哈尔滨,2010,238.1428,452.9706,2580.1409,3664.9
哈尔滨,2011,300.319,557.1368,2896.5659,4242.1894
哈尔滨,2012,354.716,643.5756,3320.6732,4550.2
哈尔滨,2013,402.2808,709.7811,3593.5628,5017.0491
哈尔滨,2014,423.5203,740.078,3768.8193,5340.0715
哈尔滨,2015,407.7328,824.8444,4370.4197,5751.2119
哈尔滨,2016,376.2384,876.2945,4671.897,6101.6096
哈尔滨,2017,368.1048,958.4676,4938.373,6355.0487
哈尔滨,2018,384.3671,962.1654,5394.256,6300.4794
哈尔滨,2019,370.9066,1101.1389,6291.8401,5249.0
哈尔滨,2020,339.5674,1162.2493,7311.3923,5184.0
哈尔滨,2021,365.8149,992.0759,8187.2016,5351.66
哈尔滨,2022,262.2,1065.5,9645.654,5490.1
哈尔滨,2023,313.0744,1080.697,11005.5949,5576.0
哈尔滨,2024,337.8436,1257.5552,12056.2573,6016.33
大连,2006,196.1357,266.5249,1866.4886,2569.6699
大连,2007,267.9757,344.5728,1836.9933,3130.6789
大连,2008,339.0691,410.0013,2388.9658,3858.2471
大连,2009,400.234,471.1648,2930.6487,4350.0
大连,2010,500.8322,611.4743,3374.8155,5158.2
大连,2011,651.1266,734.9406,3672.2094,6150.6265
大连,2012,750.1085,890.959,4160.468,7002.8
大连,2013,850.1646,1083.536,4483.7717,7650.7861
大连,2014,780.8645,989.4552,4666.7061,7655.5761
大连,2015,579.913,910.6922,5107.8913,7731.6363
大连,2016,611.9041,870.2783,5277.6562,6810.1998
大连,2017,657.6367,919.8403,5414.4951,7363.9182
大连,2018,703.9857,1001.4898,6039.9697,7668.4823
大连,2019,692.8397,1016.2849,6842.2887,7002.0
大连,2020,702.6822,1001.9838,7843.7553,7030.0
大连,2021,737.5978,980.0549,8686.0667,7825.95
大连,2022,669.766,991.0839,10070.2174,8430.95
大连,2023,750.2361,1013.5047,11390.7291,8753.0
大连,2024,774.7741,1085.1441,12401.4925,9516.87
天津,2006,417.0479,543.1219,2808.1,3592.5
天津,2007,540.439,674.3262,3083.07,4229.8
天津,2008,675.6186,867.7245,3978.04,5278.3
天津,2009,821.9916,1124.2778,4885.86,5828.6
天津,2010,1068.8093,1376.8395,5558.2339041591,6991.6
天津,2011,1455.13,1796.33,6123.0772715164,8240.8
天津,2012,1760.0201,2143.2125,7055.4,9193.0
天津,2013,2079.0716,2549.2061,7612.3069626508,10075.2
天津,2014,2390.3518,2884.6993,7916.9,10749.2
天津,2015,2667.11,3232.3507,8743.7889,10889.2
天津,2016,2723.5,3699.43,9125.3832,11487.0
天津,2017,2310.3552,3282.5404,9558.0478,12468.2
天津,2018,2106.2397,3103.1579,10746.1653,13411.1
天津,2019,2410.41,3555.7052,12639.6371,14097.2
天津,2020,1923.1103,3151.3505,14865.7121,14230.8
天津,2021,2141.0606,3152.5478,16244.1217,16093.2
天津,2022,1846.6866,2729.8298,19211.245,16588.5
天津,2023,2027.51,3280.42,21996.8247,17211.8
天津,2024,2134.1963,3627.181,24069.6285,17931.3
太原,2006,75.3306,95.4238,1183.9536,1013.6482
太原,2007,88.417,155.8029,1307.2386,1254.9447
太原,2008,116.9224,152.8553,1728.9231,1468.0851
太原,2009,117.5322,159.9051,2085.0017,1545.0
太原,2010,138.4809,189.6358,2386.7861,1778.1
太原,2011,174.7179,239.3147,2775.5685,2080.1243
太原,2012,215.6654,277.4437,3021.4991,2311.4
太原,2013,247.3261,319.109,3307.9851,2412.8724
太原,2014,258.8527,322.6934,3325.7782,2531.0917
太原,2015,274.2403,419.9913,3432.12,2735.3442
太原,2016,282.6893,424.0666,3661.76,2955.6045
太原,2017,311.8503,479.0558,4384.88,3382.1819
太原,2018,373.2275,542.4589,4767.46,3884.4778
太原,2019,386.6164,610.553,5252.08,4029.0
太原,2020,378.4351,647.3448,5896.93,4153.0
太原,2021,423.4439,628.9857,6566.4,5121.61
太原,2022,437.4837,715.8959,7761.93,5571.17
太原,2023,449.2358,777.2629,8825.188,5574.0
太原,2024,440.2649,744.3766,9741.1974,5418.87
宁波,2006,257.3799,292.6969,1752.0388,2874.4435
宁波,2007,329.1218,371.04,1856.0788,3435.0042
宁波,2008,390.3874,439.4083,2365.1493,3964.0472
宁波,2009,432.8003,506.0788,2901.7634,4329.0
宁波,2010,530.9278,600.7447,3312.1737,5163.0
宁波,2011,657.5531,750.7233,3696.2819,6059.2409
宁波,2012,725.5003,828.4437,4175.9634,6582.2
宁波,2013,792.808,939.8939,4562.3634,7128.8672
宁波,2014,860.6109,1000.8563,4780.3126,7610.2816
宁波,2015,1006.4065,1252.6362,5302.8406,8003.6103
宁波,2016,1114.5409,1289.2601,5689.4416,8686.4911
宁波,2017,1245.288,1410.6049,5902.6776,9842.1
宁波,2018,1379.6865,1594.1,6561.2648,10745.4632
宁波,2019,1468.5072,1767.8895,7475.4684,11985.0
宁波,2020,1510.8432,1742.0878,8522.0707,12409.0
宁波,2021,1723.1388,1944.4158,9387.3063,14594.92
宁波,2022,1680.2309,2187.8133,11749.7481,15704.3
宁波,2023,1785.8565,2235.0944,14282.0093,16453.0
宁波,2024,1790.4654,2230.3651,16255.5179,18147.7
广州,2006,427.0831,506.7899,5562.3554,6073.8277
广州,2007,523.7862,623.6917,5855.79,7109.1814
广州,2008,621.8355,713.3508,7111.27,8215.8151
广州,2009,702.6527,789.9155,8214.21,9138.0
广州,2010,872.647,977.3199,9302.33,10748.3
广州,2011,979.48,1181.25,10032.62,12423.439
广州,2012,1102.3961,1343.6451,11310.69,13551.2
广州,2013,1141.8044,1386.1349,12496.6918,15420.1434
广州,2014,1243.1035,1436.2226,12825.6427,16706.8719
广州,2015,1349.4742,1727.7176,13602.3823,18100.4136
广州,2016,1393.6442,1943.7465,13995.7861,19547.442
广州,2017,1536.7365,2186.013,14625.6284,21503.1516
广州,2018,1634.2242,2506.1818,16042.0619,22859.3471
广州,2019,1699.0383,2865.3263,17980.5558,23629.0
广州,2020,1722.7892,2952.6468,20774.1257,25019.0
广州,2021,1884.257,3021.1834,22768.5313,28231.97
广州,2022,1855.0953,3022.4506,26479.869,28839.0
广州,2023,1945.0562,2971.6481,29714.9503,30356.0
广州,2024,1954.7351,2782.4982,32394.0385,31032.5
成都,2006,186.7703,252.2439,2411.4509,2750.4776
成都,2007,286.3772,356.0453,2466.3956,3324.1677
成都,2008,354.6938,506.4309,3264.7872,3900.9857
成都,2009,387.3626,600.9694,4233.7109,4503.0
成都,2010,526.94,777.38,5071.372,5551.3
成都,2011,680.6929,857.8696,5944.7689,6854.5786
成都,2012,780.8952,983.8477,7060.0314,8138.9
成都,2013,898.5395,1161.7542,8151.589,9108.8904
成都,2014,1025.1696,1340.0037,8976.9401,10056.5926
成都,2015,1157.6393,1468.4242,9922.1841,10801.1633
成都,2016,1175.4109,1595.8949,10808.0,12170.2335
成都,2017,1275.5334,1756.6621,11970.8368,13889.394
成都,2018,1424.155,1837.4238,13141.4672,15342.7716
成都,2019,1482.9607,2006.9493,14900.5522,17013.0
成都,2020,1520.3788,2159.4765,17084.9889,17717.0
成都,2021,1697.6341,2237.6872,19020.4642,19916.98
成都,2022,1722.4332,2435.0108,22402.7781,20817.5
成都,2023,1929.057,2586.8282,25768.9379,22075.0
成都,2024,1949.4956,2610.3949,28991.8879,23511.34
拉萨,2006,3.8976,15.6896,78.99,102.39
拉萨,2007,5.7466,24.6227,90.47,121.91
拉萨,2008,8.0308,33.0167,104.45,142.05
拉萨,2009,10.0467,37.7316,127.3,163.0
拉萨,2010,15.0159,51.3496,151.03,178.91
拉萨,2011,23.4291,75.6271,178.2976,222.4192
拉萨,2012,34.3567,106.9009,223.83,260.1
拉萨,2013,50.1616,131.9166,272.12,304.87
拉萨,2014,64.7891,169.4872,559.2769,347.45
拉萨,2015,62.4162,200.3958,341.1873,376.73
拉萨,2016,70.7891,248.105,408.87,424.95
拉萨,2017,89.6288,257.4658,442.6917,479.25
拉萨,2018,110.103,300.1179,461.4153,540.78
拉萨,2019,117.0407,365.4116,471.781,618.0
拉萨,2020,107.2584,349.6638,530.61,678.0
拉萨,2021,106.9404,318.3815,557.0716,741.84
拉萨,2022,72.4749,355.3345,631.6772,747.57
拉萨,2023,109.137,452.1217,717.5289,835.0
拉萨,2024,120.6387,465.3495,792.1146,990.04
昆明,2006,103.716,133.6765,1156.0674,1207.2855
昆明,2007,133.0993,164.654,1212.1674,1405.0473
昆明,2008,174.9894,233.4865,1547.11,1511.6795
昆明,2009,201.61,270.45,1922.92,1809.0
昆明,2010,253.8316,346.308,2341.54,2120.4
昆明,2011,317.6893,441.7322,2615.6515,2509.5813
昆明,2012,378.3951,525.536,2967.0236,3011.1
昆明,2013,450.7534,585.761,3355.2805,3415.3115
昆明,2014,477.9736,593.6558,3495.8025,3712.9943
昆明,2015,502.2161,615.4909,3429.5319,3968.0051
昆明,2016,530.0026,688.4046,3540.7104,4300.078
昆明,2017,560.8643,775.9012,4431.4031,4857.6426
昆明,2018,595.6333,756.8044,4882.5093,5206.8979
昆明,2019,630.0303,820.859,5355.4466,6476.0
昆明,2020,650.4738,875.0545,5962.7871,6734.0
昆明,2021,689.1172,928.1565,6495.4441,7222.5
昆明,2022,505.2456,863.3161,7391.221,7541.37
昆明,2023,558.0042,837.7916,8288.8464,7865.0
昆明,2024,547.2211,842.8486,9095.9733,8275.22
杭州,2006,301.3888,275.4809,2473.69,3441.5068
杭州,2007,391.6195,335.7153,2578.78,4100.1722
杭州,2008,455.3531,419.6674,3420.65,4781.1649
杭州,2009,520.7899,490.3983,4286.9189,5088.0
杭州,2010,671.3413,616.5836,4990.9744,5949.2
杭州,2011,785.1524,747.5108,5519.1683,7019.0579
杭州,2012,859.9875,786.28,6022.0823,7802.0
杭州,2013,945.202,855.737,6339.7531,8343.5193
杭州,2014,1027.3169,961.1771,6694.5512,9206.1633
杭州,2015,1233.882,1205.4777,7507.0901,10050.2079
杭州,2016,1402.3826,1404.3065,8313.1325,11313.7223
杭州,2017,1567.4169,1540.9156,8502.96,12603.3629
杭州,2018,1825.0616,1717.0834,9981.2364,13509.1508
杭州,2019,1965.9731,1952.853,11677.3374,15373.0
杭州,2020,2093.3893,2069.6554,14193.6258,16106.0
杭州,2021,2386.5936,2392.0396,15623.01,18109.42
杭州,2022,2450.6119,2542.0894,19598.7629,18753.07
杭州,2023,2616.8107,2636.227,23199.3852,20059.0
杭州,2024,2640.3344,2690.354,25545.5428,21860.32
武汉,2006,178.6021,257.8102,1887.7333,2590.7569
武汉,2007,221.6755,307.2345,1949.0667,3141.9048
武汉,2008,277.3176,377.8847,2428.02,3960.0819
武汉,2009,316.0716,503.643,3010.1111,4621.0
武汉,2010,390.1866,583.5453,3590.5589,5565.9
武汉,2011,673.26,765.0426,4036.2313,6762.2
武汉,2012,828.5846,885.5477,4622.963,8003.8
武汉,2013,978.52,1122.8838,5117.43,9051.27
武汉,2014,1101.0207,1175.1039,5352.1348,10069.48
武汉,2015,1245.6338,1338.0508,6059.03,10905.6
武汉,2016,1322.0962,1524.6791,6464.8837,11912.61
武汉,2017,1402.9265,1728.2839,6879.7137,13410.34
武汉,2018,1528.6984,1929.3075,7728.5037,14847.29
武汉,2019,1564.1163,2237.1003,8992.96,16223.0
武汉,2020,1230.2897,2407.8114,10213.24,15616.0
武汉,2021,1578.6488,2215.9673,11498.18,17716.76
武汉,2022,1504.7392,2223.1481,13923.74,18866.43
武汉,2023,1601.199,2204.0782,16208.0792,20012.0
武汉,2024,1667.3101,2480.996,18248.5802,21106.23
沈阳,2006,175.6336,268.7649,1921.9758,2519.6338
沈阳,2007,230.8085,339.6754,1967.8306,3221.1508
沈阳,2008,291.0381,406.7372,2471.7753,3860.4745
沈阳,2009,320.207,475.8822,2948.5416,4269.0
沈阳,2010,465.354,516.6242,3338.231,5017.5
沈阳,2011,620.1243,639.2904,3729.4713,5915.7142
沈阳,2012,715.0377,766.0854,4318.8378,6602.6
沈阳,2013,800.9997,881.2817,4765.4786,7158.5745
沈阳,2014,785.502,914.3712,5147.6332,7098.7051
沈阳,2015,606.2411,808.5751,5769.2954,7272.3051
沈阳,2016,620.9494,825.3935,6145.5466,5546.4498
沈阳,2017,656.2406,855.0151,6495.2539,5864.9653
沈阳,2018,720.6425,965.4417,7288.1388,6292.3981
沈阳,2019,730.2853,1047.646,8337.6061,6470.0
沈阳,2020,736.0802,1074.0503,10329.8551,6572.0
沈阳,2021,773.0201,1032.5049,11057.2697,7249.0
沈阳,2022,713.6722,1053.5872,12473.9706,7695.8
沈阳,2023,800.8539,1084.0553,13894.7362,8122.0
沈阳,2024,825.5809,1160.6947,15132.0048,9027.14
济南,2006,128.4388,146.9762,1182.5655,2185.0856
济南,2007,157.0192,179.9787,1266.659,2562.8135
济南,2008,186.0155,221.319,1588.528,3017.4243
济南,2009,210.1923,259.9178,1911.534,3351.0
济南,2010,266.1314,336.8037,2187.6758,3910.5
济南,2011,325.4165,396.8831,2427.4843,4406.29
济南,2012,380.8218,465.6731,2888.739,4803.7
济南,2013,482.0722,519.319,3267.78,5230.1948
济南,2014,543.1278,571.4138,3541.3602,5770.5966
济南,2015,614.3172,658.1813,3951.4181,6100.232
济南,2016,641.2167,741.2641,4279.9453,6536.1165
济南,2017,677.21,834.06,4465.7303,7201.96
济南,2018,752.8162,1018.2539,5008.0833,7856.56
济南,2019,874.1898,1197.3158,6438.0943,9443.0
济南,2020,906.0751,1288.7953,7584.1225,10141.0
济南,2021,1007.6073,1293.0814,8558.4289,11432.22
济南,2022,1001.1421,1225.5733,10226.2713,12027.46
济南,2023,1060.8223,1365.2948,11806.3832,12757.0
济南,2024,1083.0473,1397.1495,13283.8734,13527.55
海口,2006,21.1288,32.2454,406.9576,350.1246
海口,2007,44.8495,43.2058,430.9529,393.6858
海口,2008,31.0313,46.7882,528.4629,443.1808
海口,2009,38.4416,66.6116,610.29,490.0
海口,2010,50.3661,78.9877,772.03,595.1
海口,2011,60.9319,99.4265,852.1037,713.3
海口,2012,73.1687,113.845,952.1479,818.8
海口,2013,86.7324,131.9978,1062.0955,904.6355
海口,2014,100.1174,150.92,1119.4789,1091.7021
海口,2015,111.5041,170.9331,1262.0625,1161.9648
海口,2016,115.5064,200.3,1445.4862,1257.6653
海口,2017,125.3645,198.3183,3790.0965,1390.5779
海口,2018,169.8793,238.2473,1706.5,1510.513
海口,2019,185.3425,265.8645,1838.6884,1672.0
海口,2020,186.0519,307.0836,2034.6349,1792.0
海口,2021,208.3234,274.258,2222.012,2057.06
海口,2022,204.82,332.6785,2544.8224,2134.77
海口,2023,266.8655,369.5399,2875.298,2358.0
海口,2024,258.2621,372.0654,3154.8369,2470.63
深圳,2006,500.8827,571.4231,3744.7,5813.5624
深圳,2007,658.0554,727.9563,3792.59,6801.5706
深圳,2008,800.3603,889.8555,4905.93,7806.5387
深圳,2009,880.8168,1000.8394,5723.76,8201.0
深圳,2010,1106.8166,1265.2699,6717.05,9581.5
深圳,2011,1339.5728,1590.5599,7427.64,11505.5298
深圳,2012,1482.0803,1565.7078,8389.06,12950.1
深圳,2013,1731.2618,1690.828,9289.37,14500.2302
深圳,2014,2082.44,2166.14,9974.01,16001.8207
深圳,2015,2726.8543,3521.6708,9680.24,17502.8634
深圳,2016,3136.4923,4211.0429,10391.14,19492.6012
深圳,2017,3332.1303,4593.8003,10837.59,22490.0586
深圳,2018,3538.4054,4282.5379,13478.94,24221.9771
深圳,2019,3773.3831,4552.7336,16010.77,26927.0
深圳,2020,3857.3887,4177.7162,18674.43,27670.0
深圳,2021,4257.6972,4570.2233,20532.31,30664.85
深圳,2022,4012.439,4997.3834,24610.06,32387.68
深圳,2023,4112.7833,5012.067,27342.4,34606.0
深圳,2024,3914.1809,4700.8708,30759.0629,36801.87
石家庄,2006,77.3736,128.2462,1553.2427,2026.632
石家庄,2007,95.872,163.1692,1694.7183,2360.723
石家庄,2008,110.0366,193.7869,2180.1686,2838.3712
石家庄,2009,125.9614,240.9171,2567.4597,3001.0
石家庄,2010,163.6303,305.1647,2920.3989,3401.0
石家庄,2011,221.2284,403.5381,3243.5792,4082.6833
石家庄,2012,272.2764,464.0932,3735.4986,4500.2
石家庄,2013,315.1233,522.9442,4157.597,4863.6583
石家庄,2014,343.4745,566.4878,4387.6724,5170.2653
石家庄,2015,375.0529,682.3857,4868.9313,5440.5988
石家庄,2016,410.7238,746.1188,5348.2,5927.7293
石家庄,2017,460.8886,806.7284,5641.6176,6460.8848
石家庄,2018,519.6778,991.6127,6473.2492,6082.618
石家庄,2019,569.1283,1051.3884,7630.0235,5810.0
石家庄,2020,632.1928,1142.2265,8774.5821,5935.0
石家庄,2021,681.358,1152.7442,9858.0445,6490.3
石家庄,2022,692.1599,1250.4267,11671.0564,7100.64
石家庄,2023,737.8942,1274.8334,13553.9678,7534.0
石家庄,2024,746.0773,1274.6883,14831.0448,8203.44
福州,2006,115.6184,110.0589,1311.3823,1664.0515
福州,2007,146.5641,143.0922,1375.3667,1974.5818
福州,2008,168.8559,178.1952,1709.8954,2284.1602
福州,2009,195.2612,205.0925,2048.2724,2604.0
福州,2010,247.8206,262.4208,2329.0905,3123.4
福州,2011,320.0356,363.3008,2550.7706,3736.3796
福州,2012,382.0151,410.7344,2939.4605,4218.3
福州,2013,453.969,533.8424,3296.6518,4678.4951
福州,2014,510.8707,574.8081,3483.7219,5169.1647
福州,2015,560.4635,725.9345,3685.2348,5618.0844
福州,2016,598.9113,829.9274,4087.5352,6197.6395
福州,2017,634.1633,938.8572,4385.2958,7103.4
福州,2018,680.3797,924.7552,5053.2878,7856.8123
福州,2019,668.076,949.7604,6027.1085,9392.0
福州,2020,675.6083,951.4035,6951.5398,10020.0
福州,2021,749.847,925.2559,7493.0416,11324.48
福州,2022,698.5234,1006.0892,9029.0756,12308.23
福州,2023,754.0813,1004.904,10414.6443,12928.0
福州,2024,750.4953,1025.4841,11461.162,14236.76
西宁,2006,14.1598,34.3058,272.7921,281.6093
西宁,2007,18.4123,45.0463,297.0909,342.4581
西宁,2008,23.4468,67.2512,395.6199,422.1885
西宁,2009,28.1495,85.1191,480.2171,501.0
西宁,2010,34.5219,108.9186,576.1104,628.3
西宁,2011,45.2473,150.0435,680.0622,770.7043
西宁,2012,54.767,185.323,823.1474,851.1
西宁,2013,67.1138,207.5698,972.5048,978.5314
西宁,2014,83.8821,248.1367,1093.0883,1065.7811
西宁,2015,94.7861,280.0252,1160.3297,1131.6193
西宁,2016,75.2163,287.805,1267.1813,1248.1677
西宁,2017,79.1623,288.3747,1339.1882,1284.9081
西宁,2018,92.9435,297.4766,1436.7707,1286.4137
西宁,2019,101.7897,328.0436,1548.9274,1328.0
西宁,2020,133.5075,329.5111,1723.8793,1373.0
西宁,2021,153.8668,343.8044,1895.2041,1548.79
西宁,2022,131.7174,339.0356,2204.2747,1644.35
西宁,2023,144.0917,418.7512,2512.7646,1801.0
西宁,2024,134.4576,400.9837,2774.2893,1862.09
西安,2006,85.8854,119.2193,1950.5281,1473.68
西安,2007,112.9189,161.2536,1997.56,1763.73
西安,2008,145.6087,226.9897,2504.41,2190.04
西安,2009,181.3992,276.8502,3084.2,2724.0
西安,2010,241.8567,371.6175,3677.77,3241.5
西安,2011,318.5486,494.575,4155.65,3864.21
西安,2012,396.9597,597.4937,4787.03,4366.1
西安,2013,501.9751,729.8119,5357.0459,4884.13
西安,2014,583.7888,819.5366,5687.4866,5492.64
西安,2015,650.9853,917.24,6571.1826,5801.2
西安,2016,641.0655,942.5238,7035.81,6257.18
西安,2017,654.4997,1045.0925,7497.2963,7469.848
西安,2018,684.7035,1151.8741,8360.329,8349.86
西安,2019,702.5624,1247.0153,9553.929,9321.0
西安,2020,724.139,1347.5804,10913.0545,10020.0
西安,2021,855.999,1474.6219,11996.543,10688.28
西安,2022,834.0794,1569.8087,14505.3767,11486.51
西安,2023,951.9208,1730.4672,16568.7083,12011.0
西安,2024,1002.3586,1561.8498,18529.9052,13317.78
贵阳,2006,61.5798,88.2349,582.2004,602.8845
贵阳,2007,75.9154,106.4287,614.1526,693.717
贵阳,2008,88.989,142.2818,767.0527,811.0521
贵阳,2009,105.3636,169.8423,921.9442,972.0
贵阳,2010,136.3034,204.3801,1088.7001,1121.8
贵阳,2011,187.094,277.3807,1251.0372,1383.0724
贵阳,2012,241.192,349.3275,1498.2022,1700.3
贵阳,2013,277.2077,393.602,1827.1371,2085.4234
贵阳,2014,331.5962,448.6298,2010.5843,2497.2691
贵阳,2015,374.1,503.5189,2250.6008,2891.16
贵阳,2016,366.3181,525.2621,2229.76,3157.7001
贵阳,2017,377.8473,582.4776,2646.0865,3537.9637
贵阳,2018,411.3402,624.2193,2835.739,3798.4538
贵阳,2019,417.261,718.8224,3164.123,4040.0
贵阳,2020,398.1279,678.1587,3634.5806,4312.0
贵阳,2021,403.7174,633.4063,4008.7621,4711.03
贵阳,2022,402.1565,727.4549,4646.4826,4921.17
贵阳,2023,446.2045,778.6135,5195.819,5155.0
贵阳,2024,434.0855,693.0532,5664.6213544937,5777.41
郑州,2006,176.0266,187.6587,1620.7242,2013.4777
郑州,2007,219.5183,240.6758,1658.7095,2486.747
郑州,2008,260.3899,289.5018,2067.2209,3003.9925
郑州,2009,301.9248,353.0483,2511.1685,3308.0
郑州,2010,386.804,426.7968,2911.0048,4040.9
郑州,2011,502.3175,566.5806,3252.145,4979.8455
郑州,2012,606.6488,700.698,3845.4564,5549.8
郑州,2013,723.6091,816.1571,4475.3233,6201.9
郑州,2014,833.8761,918.5111,4839.2619,6776.989
郑州,2015,942.8968,1106.0158,5695.4874,7311.521
郑州,2016,1011.1833,1321.5255,6297.6278,8113.9666
郑州,2017,1056.6713,1514.9533,6538.2301,9130.2
郑州,2018,1152.0568,1763.3376,7157.3151,10143.3173
郑州,2019,1222.5346,1910.6727,7957.0399,11590.0
郑州,2020,1259.2106,1720.18,8961.7757,12004.0
郑州,2021,1223.628,1624.4403,9829.9429,12691.02
郑州,2022,1130.7855,1456.408,11393.4867,12934.7
郑州,2023,1165.8481,1519.6232,12886.0729,13618.0
郑州,2024,1155.038,1525.7095,14353.2313,14532.07
重庆,2006,317.7165,594.2543,2949.05,3949.0
重庆,2007,442.7,768.3886,3228.19,4837.5
重庆,2008,577.5738,1016.0112,3988.96,5978.8
重庆,2009,655.1701,1292.0928,4908.7,6744.1
重庆,2010,952.0745,1709.0353,5839.6576275277,8186.5
重庆,2011,1488.33,2570.24,6990.2463550016,10314.1
重庆,2012,1703.4885,3046.3599,8361.6,11797.8
重庆,2013,1693.2438,3062.2848,9622.3098592063,13275.8
重庆,2014,1922.0159,3304.3884,10774.1,14911.7
重庆,2015,2154.83,3791.9973,12207.2838,16305.9
重庆,2016,2227.91,4001.81,13399.4384,18271.1
重庆,2017,2252.3788,4336.28,14367.3801,20260.8
重庆,2018,2265.5421,4540.9487,15907.2272,21866.8
重庆,2019,2134.9326,4847.6795,17860.3966,23689.6
重庆,2020,2094.8541,4893.9461,20209.8,25158.1
重庆,2021,2285.4533,4835.0551,22239.893,28092.5
重庆,2022,2103.4234,4892.7688,25459.0,28771.8
重庆,2023,2440.77,5304.56,28899.0,30614.3
重庆,2024,2595.5465,5621.2108,31881.9407,32046.7
银川,2006,23.612,36.1239,306.3847,335.2918
银川,2007,27.6384,48.4708,326.4143,408.6009
银川,2008,35.811,63.043,423.1523,514.1138
银川,2009,44.0581,72.4989,519.4029,578.0
银川,2010,64.0368,119.9157,634.4542,769.4
银川,2011,96.6202,147.2515,725.2604,986.6761
银川,2012,113.132,186.7446,901.4685,1150.9
银川,2013,134.5999,220.5311,1015.222,1289.0199
银川,2014,153.5998,263.9036,1089.8949,1388.6244
银川,2015,171.2788,309.2658,1304.971,1493.859
银川,2016,173.196,331.0717,1391.3467,1617.7071
银川,2017,177.4561,341.8283,1496.9408,1803.2581
银川,2018,173.2544,363.2756,1664.8,1901.4824
银川,2019,154.7084,346.4668,1867.0136,1897.0
银川,2020,157.2599,332.3605,2137.4756,1964.0
银川,2021,171.1877,291.6915,2323.502,2262.95
银川,2022,168.8603,356.5547,2693.8748,2535.63
银川,2023,197.7591,438.1513,3114.7299,2686.0
银川,2024,208.4427,444.4561,3452.7456,2939.53
长春,2006,71.5908,146.6748,1174.5969,1741.1922
长春,2007,93.2951,181.5633,1202.0796,2089.0859
长春,2008,119.0315,240.3306,1507.3851,2561.8985
长春,2009,142.6506,306.0062,1834.1564,2849.0
长春,2010,180.8461,382.9323,2062.7232,3329.0
长春,2011,288.6312,518.6814,2337.7846,4003.0775
长春,2012,340.8021,555.5117,2767.3822,4456.6
长春,2013,381.8178,632.9668,3107.1578,5003.1808
长春,2014,397.3249,675.8377,3380.1096,5342.4262
长春,2015,388.2213,765.7246,3792.78,5530.0345
长春,2016,415.4853,770.5743,4218.0932,5986.42
长春,2017,450.0818,875.7334,4566.9938,6530.0308
长春,2018,478.0141,894.3429,4993.2387,7175.7117
长春,2019,420.0168,896.022,5889.0932,5904.0
长春,2020,440.4297,1084.1364,6896.3,6638.0
长春,2021,617.0888,966.4851,8257.5256,7103.1
长春,2022,459.6907,976.6704,9465.2773,6744.56
长春,2023,576.5154,1074.9675,10750.1428,7002.0
长春,2024,427.4842,1056.2112,11746.7608,7632.19
长沙,2006,132.8345,167.1873,1093.04,1798.9572
长沙,2007,174.5761,218.1733,1177.17,2190.2548
长沙,2008,205.5699,260.5584,1494.9281,3000.9795
长沙,2009,246.33,314.082,1881.3226,3745.0
长沙,2010,314.2836,403.3349,2172.0771,4547.1
长沙,2011,425.7827,520.8876,2526.9331,5619.3285
长沙,2012,490.6482,624.6207,2981.31,6399.9
长沙,2013,536.6331,701.8238,3482.97,7153.1346
长沙,2014,632.7992,802.3838,3866.7891,7824.8074
长沙,2015,718.9468,924.9992,4348.5503,8510.1328
长沙,2016,743.6954,1041.4331,4868.6355,9356.9088
长沙,2017,800.3456,1182.6043,5200.2123,10535.5072
长沙,2018,879.7072,1300.7895,5692.0847,11003.4116
长沙,2019,950.229,1425.981,6530.5194,11574.0
长沙,2020,1100.091,1501.2319,7501.6412,12143.0
长沙,2021,1188.3057,1541.5932,8245.94,13270.7
长沙,2022,1202.0004,1566.2586,9703.3929,13966.11
长沙,2023,1227.0734,1626.8337,11132.3522,14332.0
长沙,2024,1264.5415,1663.9383,12423.8513,15268.78
青岛,2006,225.9904,236.7875,1567.6197,3206.58
青岛,2007,292.8037,321.1777,1702.0383,3786.5156
青岛,2008,342.4359,369.4111,2123.3637,4436.18
青岛,2009,377.0086,433.5754,2527.8658,4854.0
青岛,2010,452.6138,532.3888,2912.3256,5666.2
青岛,2011,566.14,658.0605,3198.5099,6615.6
青岛,2012,670.182,765.9801,3757.6007,7302.1
青岛,2013,788.9313,1014.2273,4140.5946,8006.6
青岛,2014,895.245,1074.7138,4435.8964,8692.1
青岛,2015,1006.322,1222.8664,5023.5905,9300.07
青岛,2016,1100.0303,1352.8516,5326.3262,10011.29
青岛,2017,1157.2389,1403.0252,5394.1843,11037.28
青岛,2018,1231.9138,1559.7764,5913.7089,12001.52
青岛,2019,1241.7359,1575.9729,6755.237,11741.0
青岛,2020,1253.8548,1584.6485,8030.9469,12401.0
青岛,2021,1368.2971,1706.7635,9028.2352,14136.0
青岛,2022,1273.3096,1696.1652,10948.2351,14920.75
青岛,2023,1337.8595,1718.7995,12758.5665,15760.0
青岛,2024,1339.2553,1720.4231,14168.1378,16719.46
